target,test_family,n_obs,partial_r,permutation_p,fdr_q,top_term,effect_sign,low_confidence,base_terms,test_terms,analysis_family,target_class,natural_state,natural_state_token,channel_group,channel_group_token,band,band_token,feature_scope
state_working_pl_delta_whole_slice_norm,perf_pct_partial,204,-0.24684968314591216,0.015984015984015984,0.8109537521302227,perf_pct,negative,0,"[""elapsed_day"", ""circadian_sin"", ""circadian_cos"", ""occ_wake"", ""occ_miniwake"", ""occ_nrem"", ""occ_rem"", ""rule_frequency"", ""rule_reversal_frequency"", ""bias_left"", ""bias_right""]","[""perf_pct""]",lfp_partial_behavior,state_lfp,Working,working,PL,pl,delta,delta,whole_slice_norm
state_rem_mos_gamma_whole_slice_norm,perf_pct_partial,350,0.31376834208573023,0.017982017982017984,0.8109537521302227,perf_pct,positive,0,"[""elapsed_day"", ""circadian_sin"", ""circadian_cos"", ""occ_wake"", ""occ_miniwake"", ""occ_nrem"", ""occ_rem"", ""rule_frequency"", ""rule_reversal_frequency"", ""bias_left"", ""bias_right""]","[""perf_pct""]",lfp_partial_behavior,state_lfp,REM,rem,MOs,mos,gamma,gamma,whole_slice_norm
state_wake_pl_gamma_whole_slice_norm,bias_score_partial,526,0.26561551966953206,0.03196803196803197,0.8109537521302227,bias_score,positive,0,"[""elapsed_day"", ""circadian_sin"", ""circadian_cos"", ""occ_wake"", ""occ_miniwake"", ""occ_nrem"", ""occ_rem"", ""rule_frequency"", ""rule_reversal_frequency"", ""perf_intermediate"", ""perf_learned""]","[""bias_score""]",lfp_partial_behavior,state_lfp,Wake,wake,PL,pl,gamma,gamma,whole_slice_norm
lfp_pl_gamma_whole_slice_norm,bias_score_partial,526,0.2504206271952012,0.03196803196803197,0.8109537521302227,bias_score,positive,0,"[""elapsed_day"", ""circadian_sin"", ""circadian_cos"", ""occ_wake"", ""occ_miniwake"", ""occ_nrem"", ""occ_rem"", ""rule_frequency"", ""rule_reversal_frequency"", ""perf_intermediate"", ""perf_learned""]","[""bias_score""]",lfp_partial_behavior,global_lfp,global,global,PL,pl,gamma,gamma,whole_slice_norm
state_working_mos_delta_whole_slice_norm,bias_score_partial,204,-0.16313590975837208,0.04895104895104895,0.8109537521302227,bias_score,negative,0,"[""elapsed_day"", ""circadian_sin"", ""circadian_cos"", ""occ_wake"", ""occ_miniwake"", ""occ_nrem"", ""occ_rem"", ""rule_frequency"", ""rule_reversal_frequency"", ""perf_intermediate"", ""perf_learned""]","[""bias_score""]",lfp_partial_behavior,state_lfp,Working,working,MOs,mos,delta,delta,whole_slice_norm
state_nrem_mos_gamma_whole_slice_norm,perf_pct_partial,468,0.2453303294936845,0.055944055944055944,0.8109537521302227,perf_pct,positive,0,"[""elapsed_day"", ""circadian_sin"", ""circadian_cos"", ""occ_wake"", ""occ_miniwake"", ""occ_nrem"", ""occ_rem"", ""rule_frequency"", ""rule_reversal_frequency"", ""bias_left"", ""bias_right""]","[""perf_pct""]",lfp_partial_behavior,state_lfp,NREM,nrem,MOs,mos,gamma,gamma,whole_slice_norm
state_nrem_mos_theta_whole_slice_norm,perf_pct_partial,468,0.31345594970217733,0.056943056943056944,0.8109537521302227,perf_pct,positive,0,"[""elapsed_day"", ""circadian_sin"", ""circadian_cos"", ""occ_wake"", ""occ_miniwake"", ""occ_nrem"", ""occ_rem"", ""rule_frequency"", ""rule_reversal_frequency"", ""bias_left"", ""bias_right""]","[""perf_pct""]",lfp_partial_behavior,state_lfp,NREM,nrem,MOs,mos,theta,theta,whole_slice_norm
state_rem_mos_theta_whole_slice_norm,perf_pct_partial,350,0.21188102442928328,0.060939060939060936,0.8109537521302227,perf_pct,positive,0,"[""elapsed_day"", ""circadian_sin"", ""circadian_cos"", ""occ_wake"", ""occ_miniwake"", ""occ_nrem"", ""occ_rem"", ""rule_frequency"", ""rule_reversal_frequency"", ""bias_left"", ""bias_right""]","[""perf_pct""]",lfp_partial_behavior,state_lfp,REM,rem,MOs,mos,theta,theta,whole_slice_norm
lfp_mos_theta_whole_slice_norm,perf_pct_partial,526,0.2998216901681963,0.06993006993006994,0.8109537521302227,perf_pct,positive,0,"[""elapsed_day"", ""circadian_sin"", ""circadian_cos"", ""occ_wake"", ""occ_miniwake"", ""occ_nrem"", ""occ_rem"", ""rule_frequency"", ""rule_reversal_frequency"", ""bias_left"", ""bias_right""]","[""perf_pct""]",lfp_partial_behavior,global_lfp,global,global,MOs,mos,theta,theta,whole_slice_norm
state_nrem_pl_gamma_whole_slice_norm,bias_score_partial,468,0.202943929816354,0.07392607392607392,0.8109537521302227,bias_score,positive,0,"[""elapsed_day"", ""circadian_sin"", ""circadian_cos"", ""occ_wake"", ""occ_miniwake"", ""occ_nrem"", ""occ_rem"", ""rule_frequency"", ""rule_reversal_frequency"", ""perf_intermediate"", ""perf_learned""]","[""bias_score""]",lfp_partial_behavior,state_lfp,NREM,nrem,PL,pl,gamma,gamma,whole_slice_norm
state_rem_mos_theta_whole_slice_norm,bias_score_partial,350,0.17035088419853028,0.08091908091908091,0.8109537521302227,bias_score,positive,0,"[""elapsed_day"", ""circadian_sin"", ""circadian_cos"", ""occ_wake"", ""occ_miniwake"", ""occ_nrem"", ""occ_rem"", ""rule_frequency"", ""rule_reversal_frequency"", ""perf_intermediate"", ""perf_learned""]","[""bias_score""]",lfp_partial_behavior,state_lfp,REM,rem,MOs,mos,theta,theta,whole_slice_norm
state_nrem_acad_delta_whole_slice_norm,bias_score_partial,468,-0.11791277583714509,0.08691308691308691,0.8109537521302227,bias_score,negative,0,"[""elapsed_day"", ""circadian_sin"", ""circadian_cos"", ""occ_wake"", ""occ_miniwake"", ""occ_nrem"", ""occ_rem"", ""rule_frequency"", ""rule_reversal_frequency"", ""perf_intermediate"", ""perf_learned""]","[""bias_score""]",lfp_partial_behavior,state_lfp,NREM,nrem,ACAd,acad,delta,delta,whole_slice_norm
state_working_acad_delta_whole_slice_norm,bias_score_partial,204,-0.20040578198117615,0.1028971028971029,0.8109537521302227,bias_score,negative,0,"[""elapsed_day"", ""circadian_sin"", ""circadian_cos"", ""occ_wake"", ""occ_miniwake"", ""occ_nrem"", ""occ_rem"", ""rule_frequency"", ""rule_reversal_frequency"", ""perf_intermediate"", ""perf_learned""]","[""bias_score""]",lfp_partial_behavior,state_lfp,Working,working,ACAd,acad,delta,delta,whole_slice_norm
state_working_pl_theta_whole_slice_norm,perf_pct_partial,204,-0.1930195863038347,0.10789210789210789,0.8109537521302227,perf_pct,negative,0,"[""elapsed_day"", ""circadian_sin"", ""circadian_cos"", ""occ_wake"", ""occ_miniwake"", ""occ_nrem"", ""occ_rem"", ""rule_frequency"", ""rule_reversal_frequency"", ""bias_left"", ""bias_right""]","[""perf_pct""]",lfp_partial_behavior,state_lfp,Working,working,PL,pl,theta,theta,whole_slice_norm
state_working_ila_delta_whole_slice_norm,bias_score_partial,204,-0.15932523959131387,0.1088911088911089,0.8109537521302227,bias_score,negative,0,"[""elapsed_day"", ""circadian_sin"", ""circadian_cos"", ""occ_wake"", ""occ_miniwake"", ""occ_nrem"", ""occ_rem"", ""rule_frequency"", ""rule_reversal_frequency"", ""perf_intermediate"", ""perf_learned""]","[""bias_score""]",lfp_partial_behavior,state_lfp,Working,working,ILA,ila,delta,delta,whole_slice_norm
state_wake_acad_gamma_whole_slice_norm,bias_score_partial,526,0.20882027642381026,0.11488511488511488,0.8109537521302227,bias_score,positive,0,"[""elapsed_day"", ""circadian_sin"", ""circadian_cos"", ""occ_wake"", ""occ_miniwake"", ""occ_nrem"", ""occ_rem"", ""rule_frequency"", ""rule_reversal_frequency"", ""perf_intermediate"", ""perf_learned""]","[""bias_score""]",lfp_partial_behavior,state_lfp,Wake,wake,ACAd,acad,gamma,gamma,whole_slice_norm
state_working_pl_delta_whole_slice_norm,bias_score_partial,204,-0.15496677973164127,0.11488511488511488,0.8109537521302227,bias_score,negative,0,"[""elapsed_day"", ""circadian_sin"", ""circadian_cos"", ""occ_wake"", ""occ_miniwake"", ""occ_nrem"", ""occ_rem"", ""rule_frequency"", ""rule_reversal_frequency"", ""perf_intermediate"", ""perf_learned""]","[""bias_score""]",lfp_partial_behavior,state_lfp,Working,working,PL,pl,delta,delta,whole_slice_norm
state_wake_mos_theta_whole_slice_norm,perf_pct_partial,526,0.17711782611783133,0.14985014985014986,0.8354145854145855,perf_pct,positive,0,"[""elapsed_day"", ""circadian_sin"", ""circadian_cos"", ""occ_wake"", ""occ_miniwake"", ""occ_nrem"", ""occ_rem"", ""rule_frequency"", ""rule_reversal_frequency"", ""bias_left"", ""bias_right""]","[""perf_pct""]",lfp_partial_behavior,state_lfp,Wake,wake,MOs,mos,theta,theta,whole_slice_norm
state_rem_pl_gamma_whole_slice_norm,bias_score_partial,350,0.1825978788657641,0.15084915084915085,0.8354145854145855,bias_score,positive,0,"[""elapsed_day"", ""circadian_sin"", ""circadian_cos"", ""occ_wake"", ""occ_miniwake"", ""occ_nrem"", ""occ_rem"", ""rule_frequency"", ""rule_reversal_frequency"", ""perf_intermediate"", ""perf_learned""]","[""bias_score""]",lfp_partial_behavior,state_lfp,REM,rem,PL,pl,gamma,gamma,whole_slice_norm
state_rem_ila_gamma_whole_slice_norm,perf_pct_partial,350,0.1674204481983653,0.16683316683316685,0.8354145854145855,perf_pct,positive,0,"[""elapsed_day"", ""circadian_sin"", ""circadian_cos"", ""occ_wake"", ""occ_miniwake"", ""occ_nrem"", ""occ_rem"", ""rule_frequency"", ""rule_reversal_frequency"", ""bias_left"", ""bias_right""]","[""perf_pct""]",lfp_partial_behavior,state_lfp,REM,rem,ILA,ila,gamma,gamma,whole_slice_norm
state_working_ila_theta_whole_slice_norm,bias_score_partial,204,-0.18415323480663334,0.17382617382617382,0.8354145854145855,bias_score,negative,0,"[""elapsed_day"", ""circadian_sin"", ""circadian_cos"", ""occ_wake"", ""occ_miniwake"", ""occ_nrem"", ""occ_rem"", ""rule_frequency"", ""rule_reversal_frequency"", ""perf_intermediate"", ""perf_learned""]","[""bias_score""]",lfp_partial_behavior,state_lfp,Working,working,ILA,ila,theta,theta,whole_slice_norm
lfp_acad_gamma_whole_slice_norm,bias_score_partial,526,0.19603068006195576,0.17682317682317683,0.8354145854145855,bias_score,positive,0,"[""elapsed_day"", ""circadian_sin"", ""circadian_cos"", ""occ_wake"", ""occ_miniwake"", ""occ_nrem"", ""occ_rem"", ""rule_frequency"", ""rule_reversal_frequency"", ""perf_intermediate"", ""perf_learned""]","[""bias_score""]",lfp_partial_behavior,global_lfp,global,global,ACAd,acad,gamma,gamma,whole_slice_norm
lfp_mos_delta_whole_slice_norm,perf_pct_partial,526,0.1207616075322283,0.18081918081918083,0.8354145854145855,perf_pct,positive,0,"[""elapsed_day"", ""circadian_sin"", ""circadian_cos"", ""occ_wake"", ""occ_miniwake"", ""occ_nrem"", ""occ_rem"", ""rule_frequency"", ""rule_reversal_frequency"", ""bias_left"", ""bias_right""]","[""perf_pct""]",lfp_partial_behavior,global_lfp,global,global,MOs,mos,delta,delta,whole_slice_norm
state_nrem_pl_gamma_whole_slice_norm,perf_pct_partial,468,0.14200830383599974,0.1938061938061938,0.8354145854145855,perf_pct,positive,0,"[""elapsed_day"", ""circadian_sin"", ""circadian_cos"", ""occ_wake"", ""occ_miniwake"", ""occ_nrem"", ""occ_rem"", ""rule_frequency"", ""rule_reversal_frequency"", ""bias_left"", ""bias_right""]","[""perf_pct""]",lfp_partial_behavior,state_lfp,NREM,nrem,PL,pl,gamma,gamma,whole_slice_norm
state_nrem_pl_theta_whole_slice_norm,perf_pct_partial,468,0.09741083809397418,0.19480519480519481,0.8354145854145855,perf_pct,positive,0,"[""elapsed_day"", ""circadian_sin"", ""circadian_cos"", ""occ_wake"", ""occ_miniwake"", ""occ_nrem"", ""occ_rem"", ""rule_frequency"", ""rule_reversal_frequency"", ""bias_left"", ""bias_right""]","[""perf_pct""]",lfp_partial_behavior,state_lfp,NREM,nrem,PL,pl,theta,theta,whole_slice_norm
lfp_mos_theta_whole_slice_norm,bias_score_partial,526,0.1683498967594629,0.1998001998001998,0.8354145854145855,bias_score,positive,0,"[""elapsed_day"", ""circadian_sin"", ""circadian_cos"", ""occ_wake"", ""occ_miniwake"", ""occ_nrem"", ""occ_rem"", ""rule_frequency"", ""rule_reversal_frequency"", ""perf_intermediate"", ""perf_learned""]","[""bias_score""]",lfp_partial_behavior,global_lfp,global,global,MOs,mos,theta,theta,whole_slice_norm
state_working_ila_delta_whole_slice_norm,perf_pct_partial,204,-0.1623123900300223,0.1998001998001998,0.8354145854145855,perf_pct,negative,0,"[""elapsed_day"", ""circadian_sin"", ""circadian_cos"", ""occ_wake"", ""occ_miniwake"", ""occ_nrem"", ""occ_rem"", ""rule_frequency"", ""rule_reversal_frequency"", ""bias_left"", ""bias_right""]","[""perf_pct""]",lfp_partial_behavior,state_lfp,Working,working,ILA,ila,delta,delta,whole_slice_norm
state_nrem_ila_theta_whole_slice_norm,perf_pct_partial,468,0.11227844904769334,0.2007992007992008,0.8354145854145855,perf_pct,positive,0,"[""elapsed_day"", ""circadian_sin"", ""circadian_cos"", ""occ_wake"", ""occ_miniwake"", ""occ_nrem"", ""occ_rem"", ""rule_frequency"", ""rule_reversal_frequency"", ""bias_left"", ""bias_right""]","[""perf_pct""]",lfp_partial_behavior,state_lfp,NREM,nrem,ILA,ila,theta,theta,whole_slice_norm
state_nrem_mos_delta_whole_slice_norm,perf_pct_partial,468,0.12800211184544882,0.2037962037962038,0.8354145854145855,perf_pct,positive,0,"[""elapsed_day"", ""circadian_sin"", ""circadian_cos"", ""occ_wake"", ""occ_miniwake"", ""occ_nrem"", ""occ_rem"", ""rule_frequency"", ""rule_reversal_frequency"", ""bias_left"", ""bias_right""]","[""perf_pct""]",lfp_partial_behavior,state_lfp,NREM,nrem,MOs,mos,delta,delta,whole_slice_norm
state_wake_mos_gamma_whole_slice_norm,perf_pct_partial,526,0.16370762750457993,0.21578421578421578,0.8354145854145855,perf_pct,positive,0,"[""elapsed_day"", ""circadian_sin"", ""circadian_cos"", ""occ_wake"", ""occ_miniwake"", ""occ_nrem"", ""occ_rem"", ""rule_frequency"", ""rule_reversal_frequency"", ""bias_left"", ""bias_right""]","[""perf_pct""]",lfp_partial_behavior,state_lfp,Wake,wake,MOs,mos,gamma,gamma,whole_slice_norm
state_working_ila_theta_whole_slice_norm,perf_pct_partial,204,-0.18387591301778364,0.22077922077922077,0.8354145854145855,perf_pct,negative,0,"[""elapsed_day"", ""circadian_sin"", ""circadian_cos"", ""occ_wake"", ""occ_miniwake"", ""occ_nrem"", ""occ_rem"", ""rule_frequency"", ""rule_reversal_frequency"", ""bias_left"", ""bias_right""]","[""perf_pct""]",lfp_partial_behavior,state_lfp,Working,working,ILA,ila,theta,theta,whole_slice_norm
state_wake_mos_gamma_whole_slice_norm,bias_score_partial,526,0.17762414089243148,0.22277722277722278,0.8354145854145855,bias_score,positive,0,"[""elapsed_day"", ""circadian_sin"", ""circadian_cos"", ""occ_wake"", ""occ_miniwake"", ""occ_nrem"", ""occ_rem"", ""rule_frequency"", ""rule_reversal_frequency"", ""perf_intermediate"", ""perf_learned""]","[""bias_score""]",lfp_partial_behavior,state_lfp,Wake,wake,MOs,mos,gamma,gamma,whole_slice_norm
lfp_mos_gamma_whole_slice_norm,perf_pct_partial,526,0.166941282805738,0.24475524475524477,0.8730891749759675,perf_pct,positive,0,"[""elapsed_day"", ""circadian_sin"", ""circadian_cos"", ""occ_wake"", ""occ_miniwake"", ""occ_nrem"", ""occ_rem"", ""rule_frequency"", ""rule_reversal_frequency"", ""bias_left"", ""bias_right""]","[""perf_pct""]",lfp_partial_behavior,global_lfp,global,global,MOs,mos,gamma,gamma,whole_slice_norm
state_nrem_ila_gamma_whole_slice_norm,perf_pct_partial,468,0.11907981519448675,0.2597402597402597,0.8730891749759675,perf_pct,positive,0,"[""elapsed_day"", ""circadian_sin"", ""circadian_cos"", ""occ_wake"", ""occ_miniwake"", ""occ_nrem"", ""occ_rem"", ""rule_frequency"", ""rule_reversal_frequency"", ""bias_left"", ""bias_right""]","[""perf_pct""]",lfp_partial_behavior,state_lfp,NREM,nrem,ILA,ila,gamma,gamma,whole_slice_norm
state_rem_acad_gamma_whole_slice_norm,perf_pct_partial,350,-0.12526220578477026,0.27472527472527475,0.8730891749759675,perf_pct,negative,0,"[""elapsed_day"", ""circadian_sin"", ""circadian_cos"", ""occ_wake"", ""occ_miniwake"", ""occ_nrem"", ""occ_rem"", ""rule_frequency"", ""rule_reversal_frequency"", ""bias_left"", ""bias_right""]","[""perf_pct""]",lfp_partial_behavior,state_lfp,REM,rem,ACAd,acad,gamma,gamma,whole_slice_norm
state_rem_acad_theta_whole_slice_norm,bias_score_partial,350,0.09172752085187484,0.2867132867132867,0.8730891749759675,bias_score,positive,0,"[""elapsed_day"", ""circadian_sin"", ""circadian_cos"", ""occ_wake"", ""occ_miniwake"", ""occ_nrem"", ""occ_rem"", ""rule_frequency"", ""rule_reversal_frequency"", ""perf_intermediate"", ""perf_learned""]","[""bias_score""]",lfp_partial_behavior,state_lfp,REM,rem,ACAd,acad,theta,theta,whole_slice_norm
state_nrem_mos_theta_whole_slice_norm,bias_score_partial,468,0.1576071671143443,0.2917082917082917,0.8730891749759675,bias_score,positive,0,"[""elapsed_day"", ""circadian_sin"", ""circadian_cos"", ""occ_wake"", ""occ_miniwake"", ""occ_nrem"", ""occ_rem"", ""rule_frequency"", ""rule_reversal_frequency"", ""perf_intermediate"", ""perf_learned""]","[""bias_score""]",lfp_partial_behavior,state_lfp,NREM,nrem,MOs,mos,theta,theta,whole_slice_norm
state_wake_ila_gamma_whole_slice_norm,bias_score_partial,526,0.12028194220725472,0.3016983016983017,0.8730891749759675,bias_score,positive,0,"[""elapsed_day"", ""circadian_sin"", ""circadian_cos"", ""occ_wake"", ""occ_miniwake"", ""occ_nrem"", ""occ_rem"", ""rule_frequency"", ""rule_reversal_frequency"", ""perf_intermediate"", ""perf_learned""]","[""bias_score""]",lfp_partial_behavior,state_lfp,Wake,wake,ILA,ila,gamma,gamma,whole_slice_norm
state_working_acad_theta_whole_slice_norm,bias_score_partial,204,-0.14001559550276885,0.3046953046953047,0.8730891749759675,bias_score,negative,0,"[""elapsed_day"", ""circadian_sin"", ""circadian_cos"", ""occ_wake"", ""occ_miniwake"", ""occ_nrem"", ""occ_rem"", ""rule_frequency"", ""rule_reversal_frequency"", ""perf_intermediate"", ""perf_learned""]","[""bias_score""]",lfp_partial_behavior,state_lfp,Working,working,ACAd,acad,theta,theta,whole_slice_norm
state_working_pl_theta_whole_slice_norm,bias_score_partial,204,-0.11671400996312759,0.31368631368631367,0.8730891749759675,bias_score,negative,0,"[""elapsed_day"", ""circadian_sin"", ""circadian_cos"", ""occ_wake"", ""occ_miniwake"", ""occ_nrem"", ""occ_rem"", ""rule_frequency"", ""rule_reversal_frequency"", ""perf_intermediate"", ""perf_learned""]","[""bias_score""]",lfp_partial_behavior,state_lfp,Working,working,PL,pl,theta,theta,whole_slice_norm
state_rem_pl_gamma_whole_slice_norm,perf_pct_partial,350,0.11886832489419125,0.3166833166833167,0.8730891749759675,perf_pct,positive,0,"[""elapsed_day"", ""circadian_sin"", ""circadian_cos"", ""occ_wake"", ""occ_miniwake"", ""occ_nrem"", ""occ_rem"", ""rule_frequency"", ""rule_reversal_frequency"", ""bias_left"", ""bias_right""]","[""perf_pct""]",lfp_partial_behavior,state_lfp,REM,rem,PL,pl,gamma,gamma,whole_slice_norm
state_nrem_ila_delta_whole_slice_norm,perf_pct_partial,468,0.07484964091566013,0.3226773226773227,0.8730891749759675,perf_pct,positive,0,"[""elapsed_day"", ""circadian_sin"", ""circadian_cos"", ""occ_wake"", ""occ_miniwake"", ""occ_nrem"", ""occ_rem"", ""rule_frequency"", ""rule_reversal_frequency"", ""bias_left"", ""bias_right""]","[""perf_pct""]",lfp_partial_behavior,state_lfp,NREM,nrem,ILA,ila,delta,delta,whole_slice_norm
state_wake_mos_theta_whole_slice_norm,bias_score_partial,526,0.10690392623191797,0.34265734265734266,0.8730891749759675,bias_score,positive,0,"[""elapsed_day"", ""circadian_sin"", ""circadian_cos"", ""occ_wake"", ""occ_miniwake"", ""occ_nrem"", ""occ_rem"", ""rule_frequency"", ""rule_reversal_frequency"", ""perf_intermediate"", ""perf_learned""]","[""bias_score""]",lfp_partial_behavior,state_lfp,Wake,wake,MOs,mos,theta,theta,whole_slice_norm
state_rem_acad_theta_whole_slice_norm,perf_pct_partial,350,-0.07311926579079579,0.3436563436563437,0.8730891749759675,perf_pct,negative,0,"[""elapsed_day"", ""circadian_sin"", ""circadian_cos"", ""occ_wake"", ""occ_miniwake"", ""occ_nrem"", ""occ_rem"", ""rule_frequency"", ""rule_reversal_frequency"", ""bias_left"", ""bias_right""]","[""perf_pct""]",lfp_partial_behavior,state_lfp,REM,rem,ACAd,acad,theta,theta,whole_slice_norm
state_rem_ila_gamma_whole_slice_norm,bias_score_partial,350,0.10899509838269297,0.34865134865134867,0.8730891749759675,bias_score,positive,0,"[""elapsed_day"", ""circadian_sin"", ""circadian_cos"", ""occ_wake"", ""occ_miniwake"", ""occ_nrem"", ""occ_rem"", ""rule_frequency"", ""rule_reversal_frequency"", ""perf_intermediate"", ""perf_learned""]","[""bias_score""]",lfp_partial_behavior,state_lfp,REM,rem,ILA,ila,gamma,gamma,whole_slice_norm
state_rem_mos_delta_whole_slice_norm,bias_score_partial,350,0.06994898842921596,0.3516483516483517,0.8730891749759675,bias_score,positive,0,"[""elapsed_day"", ""circadian_sin"", ""circadian_cos"", ""occ_wake"", ""occ_miniwake"", ""occ_nrem"", ""occ_rem"", ""rule_frequency"", ""rule_reversal_frequency"", ""perf_intermediate"", ""perf_learned""]","[""bias_score""]",lfp_partial_behavior,state_lfp,REM,rem,MOs,mos,delta,delta,whole_slice_norm
state_nrem_acad_gamma_whole_slice_norm,bias_score_partial,468,0.0996010841103641,0.3596403596403596,0.8730891749759675,bias_score,positive,0,"[""elapsed_day"", ""circadian_sin"", ""circadian_cos"", ""occ_wake"", ""occ_miniwake"", ""occ_nrem"", ""occ_rem"", ""rule_frequency"", ""rule_reversal_frequency"", ""perf_intermediate"", ""perf_learned""]","[""bias_score""]",lfp_partial_behavior,state_lfp,NREM,nrem,ACAd,acad,gamma,gamma,whole_slice_norm
state_nrem_pl_delta_whole_slice_norm,perf_pct_partial,468,0.0653229292526241,0.36163836163836166,0.8730891749759675,perf_pct,positive,0,"[""elapsed_day"", ""circadian_sin"", ""circadian_cos"", ""occ_wake"", ""occ_miniwake"", ""occ_nrem"", ""occ_rem"", ""rule_frequency"", ""rule_reversal_frequency"", ""bias_left"", ""bias_right""]","[""perf_pct""]",lfp_partial_behavior,state_lfp,NREM,nrem,PL,pl,delta,delta,whole_slice_norm
state_rem_mos_delta_whole_slice_norm,perf_pct_partial,350,0.0721443836647083,0.36363636363636365,0.8730891749759675,perf_pct,positive,0,"[""elapsed_day"", ""circadian_sin"", ""circadian_cos"", ""occ_wake"", ""occ_miniwake"", ""occ_nrem"", ""occ_rem"", ""rule_frequency"", ""rule_reversal_frequency"", ""bias_left"", ""bias_right""]","[""perf_pct""]",lfp_partial_behavior,state_lfp,REM,rem,MOs,mos,delta,delta,whole_slice_norm
state_nrem_acad_theta_whole_slice_norm,perf_pct_partial,468,-0.0779494275502198,0.37162837162837165,0.8730891749759675,perf_pct,negative,0,"[""elapsed_day"", ""circadian_sin"", ""circadian_cos"", ""occ_wake"", ""occ_miniwake"", ""occ_nrem"", ""occ_rem"", ""rule_frequency"", ""rule_reversal_frequency"", ""bias_left"", ""bias_right""]","[""perf_pct""]",lfp_partial_behavior,state_lfp,NREM,nrem,ACAd,acad,theta,theta,whole_slice_norm
state_nrem_pl_delta_whole_slice_norm,bias_score_partial,468,0.06489216043421961,0.3726273726273726,0.8730891749759675,bias_score,positive,0,"[""elapsed_day"", ""circadian_sin"", ""circadian_cos"", ""occ_wake"", ""occ_miniwake"", ""occ_nrem"", ""occ_rem"", ""rule_frequency"", ""rule_reversal_frequency"", ""perf_intermediate"", ""perf_learned""]","[""bias_score""]",lfp_partial_behavior,state_lfp,NREM,nrem,PL,pl,delta,delta,whole_slice_norm
state_rem_acad_gamma_whole_slice_norm,bias_score_partial,350,0.10924175762346366,0.38461538461538464,0.8730891749759675,bias_score,positive,0,"[""elapsed_day"", ""circadian_sin"", ""circadian_cos"", ""occ_wake"", ""occ_miniwake"", ""occ_nrem"", ""occ_rem"", ""rule_frequency"", ""rule_reversal_frequency"", ""perf_intermediate"", ""perf_learned""]","[""bias_score""]",lfp_partial_behavior,state_lfp,REM,rem,ACAd,acad,gamma,gamma,whole_slice_norm
lfp_mos_gamma_whole_slice_norm,bias_score_partial,526,0.13044718478741166,0.3856143856143856,0.8730891749759675,bias_score,positive,0,"[""elapsed_day"", ""circadian_sin"", ""circadian_cos"", ""occ_wake"", ""occ_miniwake"", ""occ_nrem"", ""occ_rem"", ""rule_frequency"", ""rule_reversal_frequency"", ""perf_intermediate"", ""perf_learned""]","[""bias_score""]",lfp_partial_behavior,global_lfp,global,global,MOs,mos,gamma,gamma,whole_slice_norm
state_rem_ila_theta_whole_slice_norm,bias_score_partial,350,0.06254581212976942,0.41358641358641357,0.919080919080919,bias_score,positive,0,"[""elapsed_day"", ""circadian_sin"", ""circadian_cos"", ""occ_wake"", ""occ_miniwake"", ""occ_nrem"", ""occ_rem"", ""rule_frequency"", ""rule_reversal_frequency"", ""perf_intermediate"", ""perf_learned""]","[""bias_score""]",lfp_partial_behavior,state_lfp,REM,rem,ILA,ila,theta,theta,whole_slice_norm
lfp_ila_gamma_whole_slice_norm,bias_score_partial,526,0.09548994913973372,0.43456543456543456,0.9481427663245845,bias_score,positive,0,"[""elapsed_day"", ""circadian_sin"", ""circadian_cos"", ""occ_wake"", ""occ_miniwake"", ""occ_nrem"", ""occ_rem"", ""rule_frequency"", ""rule_reversal_frequency"", ""perf_intermediate"", ""perf_learned""]","[""bias_score""]",lfp_partial_behavior,global_lfp,global,global,ILA,ila,gamma,gamma,whole_slice_norm
state_nrem_ila_gamma_whole_slice_norm,bias_score_partial,468,0.08332116898348688,0.45054945054945056,0.9611441190388559,bias_score,positive,0,"[""elapsed_day"", ""circadian_sin"", ""circadian_cos"", ""occ_wake"", ""occ_miniwake"", ""occ_nrem"", ""occ_rem"", ""rule_frequency"", ""rule_reversal_frequency"", ""perf_intermediate"", ""perf_learned""]","[""bias_score""]",lfp_partial_behavior,state_lfp,NREM,nrem,ILA,ila,gamma,gamma,whole_slice_norm
state_nrem_acad_gamma_whole_slice_norm,perf_pct_partial,468,-0.08845103999684659,0.4565434565434565,0.9611441190388559,perf_pct,negative,0,"[""elapsed_day"", ""circadian_sin"", ""circadian_cos"", ""occ_wake"", ""occ_miniwake"", ""occ_nrem"", ""occ_rem"", ""rule_frequency"", ""rule_reversal_frequency"", ""bias_left"", ""bias_right""]","[""perf_pct""]",lfp_partial_behavior,state_lfp,NREM,nrem,ACAd,acad,gamma,gamma,whole_slice_norm
state_wake_pl_gamma_whole_slice_norm,perf_pct_partial,526,-0.07850439646567538,0.4875124875124875,0.9644087256027554,perf_pct,negative,0,"[""elapsed_day"", ""circadian_sin"", ""circadian_cos"", ""occ_wake"", ""occ_miniwake"", ""occ_nrem"", ""occ_rem"", ""rule_frequency"", ""rule_reversal_frequency"", ""bias_left"", ""bias_right""]","[""perf_pct""]",lfp_partial_behavior,state_lfp,Wake,wake,PL,pl,gamma,gamma,whole_slice_norm
state_working_mos_theta_whole_slice_norm,bias_score_partial,204,0.08239060923854656,0.4885114885114885,0.9644087256027554,bias_score,positive,0,"[""elapsed_day"", ""circadian_sin"", ""circadian_cos"", ""occ_wake"", ""occ_miniwake"", ""occ_nrem"", ""occ_rem"", ""rule_frequency"", ""rule_reversal_frequency"", ""perf_intermediate"", ""perf_learned""]","[""bias_score""]",lfp_partial_behavior,state_lfp,Working,working,MOs,mos,theta,theta,whole_slice_norm
lfp_ila_gamma_whole_slice_norm,perf_pct_partial,526,0.07690948445678752,0.4915084915084915,0.9644087256027554,perf_pct,positive,0,"[""elapsed_day"", ""circadian_sin"", ""circadian_cos"", ""occ_wake"", ""occ_miniwake"", ""occ_nrem"", ""occ_rem"", ""rule_frequency"", ""rule_reversal_frequency"", ""bias_left"", ""bias_right""]","[""perf_pct""]",lfp_partial_behavior,global_lfp,global,global,ILA,ila,gamma,gamma,whole_slice_norm
state_wake_acad_delta_whole_slice_norm,bias_score_partial,526,0.05489746379719009,0.5124875124875125,0.9644087256027554,bias_score,positive,0,"[""elapsed_day"", ""circadian_sin"", ""circadian_cos"", ""occ_wake"", ""occ_miniwake"", ""occ_nrem"", ""occ_rem"", ""rule_frequency"", ""rule_reversal_frequency"", ""perf_intermediate"", ""perf_learned""]","[""bias_score""]",lfp_partial_behavior,state_lfp,Wake,wake,ACAd,acad,delta,delta,whole_slice_norm
lfp_mos_delta_whole_slice_norm,bias_score_partial,526,0.054251985410209466,0.5164835164835165,0.9644087256027554,bias_score,positive,0,"[""elapsed_day"", ""circadian_sin"", ""circadian_cos"", ""occ_wake"", ""occ_miniwake"", ""occ_nrem"", ""occ_rem"", ""rule_frequency"", ""rule_reversal_frequency"", ""perf_intermediate"", ""perf_learned""]","[""bias_score""]",lfp_partial_behavior,global_lfp,global,global,MOs,mos,delta,delta,whole_slice_norm
lfp_acad_theta_whole_slice_norm,bias_score_partial,526,0.07937749407153992,0.5184815184815185,0.9644087256027554,bias_score,positive,0,"[""elapsed_day"", ""circadian_sin"", ""circadian_cos"", ""occ_wake"", ""occ_miniwake"", ""occ_nrem"", ""occ_rem"", ""rule_frequency"", ""rule_reversal_frequency"", ""perf_intermediate"", ""perf_learned""]","[""bias_score""]",lfp_partial_behavior,global_lfp,global,global,ACAd,acad,theta,theta,whole_slice_norm
state_rem_ila_delta_whole_slice_norm,bias_score_partial,350,0.05461310908586553,0.5194805194805194,0.9644087256027554,bias_score,positive,0,"[""elapsed_day"", ""circadian_sin"", ""circadian_cos"", ""occ_wake"", ""occ_miniwake"", ""occ_nrem"", ""occ_rem"", ""rule_frequency"", ""rule_reversal_frequency"", ""perf_intermediate"", ""perf_learned""]","[""bias_score""]",lfp_partial_behavior,state_lfp,REM,rem,ILA,ila,delta,delta,whole_slice_norm
lfp_pl_gamma_whole_slice_norm,perf_pct_partial,526,0.07013234000253113,0.5264735264735265,0.9644087256027554,perf_pct,positive,0,"[""elapsed_day"", ""circadian_sin"", ""circadian_cos"", ""occ_wake"", ""occ_miniwake"", ""occ_nrem"", ""occ_rem"", ""rule_frequency"", ""rule_reversal_frequency"", ""bias_left"", ""bias_right""]","[""perf_pct""]",lfp_partial_behavior,global_lfp,global,global,PL,pl,gamma,gamma,whole_slice_norm
state_working_acad_gamma_whole_slice_norm,bias_score_partial,204,-0.08678000642768147,0.5344655344655345,0.9644087256027554,bias_score,negative,0,"[""elapsed_day"", ""circadian_sin"", ""circadian_cos"", ""occ_wake"", ""occ_miniwake"", ""occ_nrem"", ""occ_rem"", ""rule_frequency"", ""rule_reversal_frequency"", ""perf_intermediate"", ""perf_learned""]","[""bias_score""]",lfp_partial_behavior,state_lfp,Working,working,ACAd,acad,gamma,gamma,whole_slice_norm
state_working_mos_gamma_whole_slice_norm,bias_score_partial,204,-0.09975339433839199,0.5384615384615384,0.9644087256027554,bias_score,negative,0,"[""elapsed_day"", ""circadian_sin"", ""circadian_cos"", ""occ_wake"", ""occ_miniwake"", ""occ_nrem"", ""occ_rem"", ""rule_frequency"", ""rule_reversal_frequency"", ""perf_intermediate"", ""perf_learned""]","[""bias_score""]",lfp_partial_behavior,state_lfp,Working,working,MOs,mos,gamma,gamma,whole_slice_norm
state_wake_pl_delta_whole_slice_norm,bias_score_partial,526,0.04592164702519352,0.5514485514485514,0.9731445025562673,bias_score,positive,0,"[""elapsed_day"", ""circadian_sin"", ""circadian_cos"", ""occ_wake"", ""occ_miniwake"", ""occ_nrem"", ""occ_rem"", ""rule_frequency"", ""rule_reversal_frequency"", ""perf_intermediate"", ""perf_learned""]","[""bias_score""]",lfp_partial_behavior,state_lfp,Wake,wake,PL,pl,delta,delta,whole_slice_norm
state_nrem_ila_theta_whole_slice_norm,bias_score_partial,468,-0.055056566308920946,0.5704295704295704,0.9793777650920508,bias_score,negative,0,"[""elapsed_day"", ""circadian_sin"", ""circadian_cos"", ""occ_wake"", ""occ_miniwake"", ""occ_nrem"", ""occ_rem"", ""rule_frequency"", ""rule_reversal_frequency"", ""perf_intermediate"", ""perf_learned""]","[""bias_score""]",lfp_partial_behavior,state_lfp,NREM,nrem,ILA,ila,theta,theta,whole_slice_norm
state_rem_acad_delta_whole_slice_norm,bias_score_partial,350,0.04376652030812496,0.5774225774225774,0.9793777650920508,bias_score,positive,0,"[""elapsed_day"", ""circadian_sin"", ""circadian_cos"", ""occ_wake"", ""occ_miniwake"", ""occ_nrem"", ""occ_rem"", ""rule_frequency"", ""rule_reversal_frequency"", ""perf_intermediate"", ""perf_learned""]","[""bias_score""]",lfp_partial_behavior,state_lfp,REM,rem,ACAd,acad,delta,delta,whole_slice_norm
lfp_acad_theta_whole_slice_norm,perf_pct_partial,526,-0.055295976708874144,0.6043956043956044,0.9793777650920508,perf_pct,negative,0,"[""elapsed_day"", ""circadian_sin"", ""circadian_cos"", ""occ_wake"", ""occ_miniwake"", ""occ_nrem"", ""occ_rem"", ""rule_frequency"", ""rule_reversal_frequency"", ""bias_left"", ""bias_right""]","[""perf_pct""]",lfp_partial_behavior,global_lfp,global,global,ACAd,acad,theta,theta,whole_slice_norm
state_nrem_acad_delta_whole_slice_norm,perf_pct_partial,468,-0.03416929554281348,0.6223776223776224,0.9793777650920508,perf_pct,negative,0,"[""elapsed_day"", ""circadian_sin"", ""circadian_cos"", ""occ_wake"", ""occ_miniwake"", ""occ_nrem"", ""occ_rem"", ""rule_frequency"", ""rule_reversal_frequency"", ""bias_left"", ""bias_right""]","[""perf_pct""]",lfp_partial_behavior,state_lfp,NREM,nrem,ACAd,acad,delta,delta,whole_slice_norm
state_wake_pl_theta_whole_slice_norm,bias_score_partial,526,0.040846783662615786,0.6233766233766234,0.9793777650920508,bias_score,positive,0,"[""elapsed_day"", ""circadian_sin"", ""circadian_cos"", ""occ_wake"", ""occ_miniwake"", ""occ_nrem"", ""occ_rem"", ""rule_frequency"", ""rule_reversal_frequency"", ""perf_intermediate"", ""perf_learned""]","[""bias_score""]",lfp_partial_behavior,state_lfp,Wake,wake,PL,pl,theta,theta,whole_slice_norm
lfp_ila_theta_whole_slice_norm,perf_pct_partial,526,0.039083786529018345,0.6343656343656343,0.9793777650920508,perf_pct,positive,0,"[""elapsed_day"", ""circadian_sin"", ""circadian_cos"", ""occ_wake"", ""occ_miniwake"", ""occ_nrem"", ""occ_rem"", ""rule_frequency"", ""rule_reversal_frequency"", ""bias_left"", ""bias_right""]","[""perf_pct""]",lfp_partial_behavior,global_lfp,global,global,ILA,ila,theta,theta,whole_slice_norm
state_rem_ila_theta_whole_slice_norm,perf_pct_partial,350,0.03513596591188148,0.6363636363636364,0.9793777650920508,perf_pct,positive,0,"[""elapsed_day"", ""circadian_sin"", ""circadian_cos"", ""occ_wake"", ""occ_miniwake"", ""occ_nrem"", ""occ_rem"", ""rule_frequency"", ""rule_reversal_frequency"", ""bias_left"", ""bias_right""]","[""perf_pct""]",lfp_partial_behavior,state_lfp,REM,rem,ILA,ila,theta,theta,whole_slice_norm
state_working_mos_delta_whole_slice_norm,perf_pct_partial,204,-0.05950794753199792,0.6383616383616384,0.9793777650920508,perf_pct,negative,0,"[""elapsed_day"", ""circadian_sin"", ""circadian_cos"", ""occ_wake"", ""occ_miniwake"", ""occ_nrem"", ""occ_rem"", ""rule_frequency"", ""rule_reversal_frequency"", ""bias_left"", ""bias_right""]","[""perf_pct""]",lfp_partial_behavior,state_lfp,Working,working,MOs,mos,delta,delta,whole_slice_norm
state_working_acad_theta_whole_slice_norm,perf_pct_partial,204,-0.05759100429497366,0.6513486513486514,0.9793777650920508,perf_pct,negative,0,"[""elapsed_day"", ""circadian_sin"", ""circadian_cos"", ""occ_wake"", ""occ_miniwake"", ""occ_nrem"", ""occ_rem"", ""rule_frequency"", ""rule_reversal_frequency"", ""bias_left"", ""bias_right""]","[""perf_pct""]",lfp_partial_behavior,state_lfp,Working,working,ACAd,acad,theta,theta,whole_slice_norm
state_wake_acad_theta_whole_slice_norm,bias_score_partial,526,0.04805096768009826,0.6613386613386614,0.9793777650920508,bias_score,positive,0,"[""elapsed_day"", ""circadian_sin"", ""circadian_cos"", ""occ_wake"", ""occ_miniwake"", ""occ_nrem"", ""occ_rem"", ""rule_frequency"", ""rule_reversal_frequency"", ""perf_intermediate"", ""perf_learned""]","[""bias_score""]",lfp_partial_behavior,state_lfp,Wake,wake,ACAd,acad,theta,theta,whole_slice_norm
state_working_mos_gamma_whole_slice_norm,perf_pct_partial,204,0.057975341646779185,0.6723276723276723,0.9793777650920508,perf_pct,positive,0,"[""elapsed_day"", ""circadian_sin"", ""circadian_cos"", ""occ_wake"", ""occ_miniwake"", ""occ_nrem"", ""occ_rem"", ""rule_frequency"", ""rule_reversal_frequency"", ""bias_left"", ""bias_right""]","[""perf_pct""]",lfp_partial_behavior,state_lfp,Working,working,MOs,mos,gamma,gamma,whole_slice_norm
lfp_ila_delta_whole_slice_norm,bias_score_partial,526,-0.03984305436888627,0.6853146853146853,0.9793777650920508,bias_score,negative,0,"[""elapsed_day"", ""circadian_sin"", ""circadian_cos"", ""occ_wake"", ""occ_miniwake"", ""occ_nrem"", ""occ_rem"", ""rule_frequency"", ""rule_reversal_frequency"", ""perf_intermediate"", ""perf_learned""]","[""bias_score""]",lfp_partial_behavior,global_lfp,global,global,ILA,ila,delta,delta,whole_slice_norm
lfp_ila_theta_whole_slice_norm,bias_score_partial,526,-0.04113895816315094,0.6903096903096904,0.9793777650920508,bias_score,negative,0,"[""elapsed_day"", ""circadian_sin"", ""circadian_cos"", ""occ_wake"", ""occ_miniwake"", ""occ_nrem"", ""occ_rem"", ""rule_frequency"", ""rule_reversal_frequency"", ""perf_intermediate"", ""perf_learned""]","[""bias_score""]",lfp_partial_behavior,global_lfp,global,global,ILA,ila,theta,theta,whole_slice_norm
state_working_ila_gamma_whole_slice_norm,bias_score_partial,204,0.03577991889626663,0.7012987012987013,0.9793777650920508,bias_score,positive,0,"[""elapsed_day"", ""circadian_sin"", ""circadian_cos"", ""occ_wake"", ""occ_miniwake"", ""occ_nrem"", ""occ_rem"", ""rule_frequency"", ""rule_reversal_frequency"", ""perf_intermediate"", ""perf_learned""]","[""bias_score""]",lfp_partial_behavior,state_lfp,Working,working,ILA,ila,gamma,gamma,whole_slice_norm
state_nrem_mos_gamma_whole_slice_norm,bias_score_partial,468,0.04739531766433869,0.7202797202797203,0.9793777650920508,bias_score,positive,0,"[""elapsed_day"", ""circadian_sin"", ""circadian_cos"", ""occ_wake"", ""occ_miniwake"", ""occ_nrem"", ""occ_rem"", ""rule_frequency"", ""rule_reversal_frequency"", ""perf_intermediate"", ""perf_learned""]","[""bias_score""]",lfp_partial_behavior,state_lfp,NREM,nrem,MOs,mos,gamma,gamma,whole_slice_norm
state_working_pl_gamma_whole_slice_norm,perf_pct_partial,204,0.04461391342855587,0.7292707292707292,0.9793777650920508,perf_pct,positive,0,"[""elapsed_day"", ""circadian_sin"", ""circadian_cos"", ""occ_wake"", ""occ_miniwake"", ""occ_nrem"", ""occ_rem"", ""rule_frequency"", ""rule_reversal_frequency"", ""bias_left"", ""bias_right""]","[""perf_pct""]",lfp_partial_behavior,state_lfp,Working,working,PL,pl,gamma,gamma,whole_slice_norm
state_wake_acad_theta_whole_slice_norm,perf_pct_partial,526,-0.030671640761106327,0.7302697302697303,0.9793777650920508,perf_pct,negative,0,"[""elapsed_day"", ""circadian_sin"", ""circadian_cos"", ""occ_wake"", ""occ_miniwake"", ""occ_nrem"", ""occ_rem"", ""rule_frequency"", ""rule_reversal_frequency"", ""bias_left"", ""bias_right""]","[""perf_pct""]",lfp_partial_behavior,state_lfp,Wake,wake,ACAd,acad,theta,theta,whole_slice_norm
state_wake_mos_delta_whole_slice_norm,perf_pct_partial,526,0.023552680719644,0.7562437562437563,0.9793777650920508,perf_pct,positive,0,"[""elapsed_day"", ""circadian_sin"", ""circadian_cos"", ""occ_wake"", ""occ_miniwake"", ""occ_nrem"", ""occ_rem"", ""rule_frequency"", ""rule_reversal_frequency"", ""bias_left"", ""bias_right""]","[""perf_pct""]",lfp_partial_behavior,state_lfp,Wake,wake,MOs,mos,delta,delta,whole_slice_norm
state_nrem_acad_theta_whole_slice_norm,bias_score_partial,468,0.027559826920301053,0.7692307692307693,0.9793777650920508,bias_score,positive,0,"[""elapsed_day"", ""circadian_sin"", ""circadian_cos"", ""occ_wake"", ""occ_miniwake"", ""occ_nrem"", ""occ_rem"", ""rule_frequency"", ""rule_reversal_frequency"", ""perf_intermediate"", ""perf_learned""]","[""bias_score""]",lfp_partial_behavior,state_lfp,NREM,nrem,ACAd,acad,theta,theta,whole_slice_norm
lfp_acad_delta_whole_slice_norm,bias_score_partial,526,0.021441079230027024,0.8041958041958042,0.9793777650920508,bias_score,positive,0,"[""elapsed_day"", ""circadian_sin"", ""circadian_cos"", ""occ_wake"", ""occ_miniwake"", ""occ_nrem"", ""occ_rem"", ""rule_frequency"", ""rule_reversal_frequency"", ""perf_intermediate"", ""perf_learned""]","[""bias_score""]",lfp_partial_behavior,global_lfp,global,global,ACAd,acad,delta,delta,whole_slice_norm
lfp_acad_gamma_whole_slice_norm,perf_pct_partial,526,-0.02886765502380126,0.8061938061938062,0.9793777650920508,perf_pct,negative,0,"[""elapsed_day"", ""circadian_sin"", ""circadian_cos"", ""occ_wake"", ""occ_miniwake"", ""occ_nrem"", ""occ_rem"", ""rule_frequency"", ""rule_reversal_frequency"", ""bias_left"", ""bias_right""]","[""perf_pct""]",lfp_partial_behavior,global_lfp,global,global,ACAd,acad,gamma,gamma,whole_slice_norm
lfp_ila_delta_whole_slice_norm,perf_pct_partial,526,0.01708215709875144,0.8091908091908092,0.9793777650920508,perf_pct,positive,0,"[""elapsed_day"", ""circadian_sin"", ""circadian_cos"", ""occ_wake"", ""occ_miniwake"", ""occ_nrem"", ""occ_rem"", ""rule_frequency"", ""rule_reversal_frequency"", ""bias_left"", ""bias_right""]","[""perf_pct""]",lfp_partial_behavior,global_lfp,global,global,ILA,ila,delta,delta,whole_slice_norm
state_working_acad_gamma_whole_slice_norm,perf_pct_partial,204,-0.03048624618483721,0.8101898101898102,0.9793777650920508,perf_pct,negative,0,"[""elapsed_day"", ""circadian_sin"", ""circadian_cos"", ""occ_wake"", ""occ_miniwake"", ""occ_nrem"", ""occ_rem"", ""rule_frequency"", ""rule_reversal_frequency"", ""bias_left"", ""bias_right""]","[""perf_pct""]",lfp_partial_behavior,state_lfp,Working,working,ACAd,acad,gamma,gamma,whole_slice_norm
state_working_pl_gamma_whole_slice_norm,bias_score_partial,204,-0.02978818220609596,0.8191808191808192,0.9793777650920508,bias_score,negative,0,"[""elapsed_day"", ""circadian_sin"", ""circadian_cos"", ""occ_wake"", ""occ_miniwake"", ""occ_nrem"", ""occ_rem"", ""rule_frequency"", ""rule_reversal_frequency"", ""perf_intermediate"", ""perf_learned""]","[""bias_score""]",lfp_partial_behavior,state_lfp,Working,working,PL,pl,gamma,gamma,whole_slice_norm
state_working_acad_delta_whole_slice_norm,perf_pct_partial,204,-0.02561990887920474,0.8231768231768232,0.9793777650920508,perf_pct,negative,0,"[""elapsed_day"", ""circadian_sin"", ""circadian_cos"", ""occ_wake"", ""occ_miniwake"", ""occ_nrem"", ""occ_rem"", ""rule_frequency"", ""rule_reversal_frequency"", ""bias_left"", ""bias_right""]","[""perf_pct""]",lfp_partial_behavior,state_lfp,Working,working,ACAd,acad,delta,delta,whole_slice_norm
state_rem_pl_theta_whole_slice_norm,bias_score_partial,350,-0.0198022961653962,0.8261738261738262,0.9793777650920508,bias_score,negative,0,"[""elapsed_day"", ""circadian_sin"", ""circadian_cos"", ""occ_wake"", ""occ_miniwake"", ""occ_nrem"", ""occ_rem"", ""rule_frequency"", ""rule_reversal_frequency"", ""perf_intermediate"", ""perf_learned""]","[""bias_score""]",lfp_partial_behavior,state_lfp,REM,rem,PL,pl,theta,theta,whole_slice_norm
state_wake_pl_theta_whole_slice_norm,perf_pct_partial,526,-0.017481343357027435,0.8311688311688312,0.9793777650920508,perf_pct,negative,0,"[""elapsed_day"", ""circadian_sin"", ""circadian_cos"", ""occ_wake"", ""occ_miniwake"", ""occ_nrem"", ""occ_rem"", ""rule_frequency"", ""rule_reversal_frequency"", ""bias_left"", ""bias_right""]","[""perf_pct""]",lfp_partial_behavior,state_lfp,Wake,wake,PL,pl,theta,theta,whole_slice_norm
state_wake_ila_delta_whole_slice_norm,perf_pct_partial,526,0.01664208653719404,0.8371628371628371,0.9793777650920508,perf_pct,positive,0,"[""elapsed_day"", ""circadian_sin"", ""circadian_cos"", ""occ_wake"", ""occ_miniwake"", ""occ_nrem"", ""occ_rem"", ""rule_frequency"", ""rule_reversal_frequency"", ""bias_left"", ""bias_right""]","[""perf_pct""]",lfp_partial_behavior,state_lfp,Wake,wake,ILA,ila,delta,delta,whole_slice_norm
state_working_ila_gamma_whole_slice_norm,perf_pct_partial,204,-0.024292078585808865,0.8391608391608392,0.9793777650920508,perf_pct,negative,0,"[""elapsed_day"", ""circadian_sin"", ""circadian_cos"", ""occ_wake"", ""occ_miniwake"", ""occ_nrem"", ""occ_rem"", ""rule_frequency"", ""rule_reversal_frequency"", ""bias_left"", ""bias_right""]","[""perf_pct""]",lfp_partial_behavior,state_lfp,Working,working,ILA,ila,gamma,gamma,whole_slice_norm
state_wake_mos_delta_whole_slice_norm,bias_score_partial,526,0.013027780475822577,0.8441558441558441,0.9793777650920508,bias_score,positive,0,"[""elapsed_day"", ""circadian_sin"", ""circadian_cos"", ""occ_wake"", ""occ_miniwake"", ""occ_nrem"", ""occ_rem"", ""rule_frequency"", ""rule_reversal_frequency"", ""perf_intermediate"", ""perf_learned""]","[""bias_score""]",lfp_partial_behavior,state_lfp,Wake,wake,MOs,mos,delta,delta,whole_slice_norm
lfp_pl_delta_whole_slice_norm,perf_pct_partial,526,0.016005620955132537,0.8471528471528471,0.9793777650920508,perf_pct,positive,0,"[""elapsed_day"", ""circadian_sin"", ""circadian_cos"", ""occ_wake"", ""occ_miniwake"", ""occ_nrem"", ""occ_rem"", ""rule_frequency"", ""rule_reversal_frequency"", ""bias_left"", ""bias_right""]","[""perf_pct""]",lfp_partial_behavior,global_lfp,global,global,PL,pl,delta,delta,whole_slice_norm
state_nrem_mos_delta_whole_slice_norm,bias_score_partial,468,-0.018356103721437166,0.8571428571428571,0.9793777650920508,bias_score,negative,0,"[""elapsed_day"", ""circadian_sin"", ""circadian_cos"", ""occ_wake"", ""occ_miniwake"", ""occ_nrem"", ""occ_rem"", ""rule_frequency"", ""rule_reversal_frequency"", ""perf_intermediate"", ""perf_learned""]","[""bias_score""]",lfp_partial_behavior,state_lfp,NREM,nrem,MOs,mos,delta,delta,whole_slice_norm
state_wake_acad_gamma_whole_slice_norm,perf_pct_partial,526,-0.020176532538983084,0.8591408591408591,0.9793777650920508,perf_pct,negative,0,"[""elapsed_day"", ""circadian_sin"", ""circadian_cos"", ""occ_wake"", ""occ_miniwake"", ""occ_nrem"", ""occ_rem"", ""rule_frequency"", ""rule_reversal_frequency"", ""bias_left"", ""bias_right""]","[""perf_pct""]",lfp_partial_behavior,state_lfp,Wake,wake,ACAd,acad,gamma,gamma,whole_slice_norm
state_rem_pl_theta_whole_slice_norm,perf_pct_partial,350,-0.01588362585450419,0.8591408591408591,0.9793777650920508,perf_pct,negative,0,"[""elapsed_day"", ""circadian_sin"", ""circadian_cos"", ""occ_wake"", ""occ_miniwake"", ""occ_nrem"", ""occ_rem"", ""rule_frequency"", ""rule_reversal_frequency"", ""bias_left"", ""bias_right""]","[""perf_pct""]",lfp_partial_behavior,state_lfp,REM,rem,PL,pl,theta,theta,whole_slice_norm
state_rem_pl_delta_whole_slice_norm,bias_score_partial,350,-0.014290940076090254,0.8621378621378621,0.9793777650920508,bias_score,negative,0,"[""elapsed_day"", ""circadian_sin"", ""circadian_cos"", ""occ_wake"", ""occ_miniwake"", ""occ_nrem"", ""occ_rem"", ""rule_frequency"", ""rule_reversal_frequency"", ""perf_intermediate"", ""perf_learned""]","[""bias_score""]",lfp_partial_behavior,state_lfp,REM,rem,PL,pl,delta,delta,whole_slice_norm
state_rem_mos_gamma_whole_slice_norm,bias_score_partial,350,0.020509942115127442,0.8711288711288712,0.9793777650920508,bias_score,positive,0,"[""elapsed_day"", ""circadian_sin"", ""circadian_cos"", ""occ_wake"", ""occ_miniwake"", ""occ_nrem"", ""occ_rem"", ""rule_frequency"", ""rule_reversal_frequency"", ""perf_intermediate"", ""perf_learned""]","[""bias_score""]",lfp_partial_behavior,state_lfp,REM,rem,MOs,mos,gamma,gamma,whole_slice_norm
state_wake_acad_delta_whole_slice_norm,perf_pct_partial,526,0.013451034517442367,0.8721278721278721,0.9793777650920508,perf_pct,positive,0,"[""elapsed_day"", ""circadian_sin"", ""circadian_cos"", ""occ_wake"", ""occ_miniwake"", ""occ_nrem"", ""occ_rem"", ""rule_frequency"", ""rule_reversal_frequency"", ""bias_left"", ""bias_right""]","[""perf_pct""]",lfp_partial_behavior,state_lfp,Wake,wake,ACAd,acad,delta,delta,whole_slice_norm
state_wake_pl_delta_whole_slice_norm,perf_pct_partial,526,0.013185304802070986,0.8751248751248751,0.9793777650920508,perf_pct,positive,0,"[""elapsed_day"", ""circadian_sin"", ""circadian_cos"", ""occ_wake"", ""occ_miniwake"", ""occ_nrem"", ""occ_rem"", ""rule_frequency"", ""rule_reversal_frequency"", ""bias_left"", ""bias_right""]","[""perf_pct""]",lfp_partial_behavior,state_lfp,Wake,wake,PL,pl,delta,delta,whole_slice_norm
lfp_pl_delta_whole_slice_norm,bias_score_partial,526,0.01000053859444217,0.8981018981018981,0.9793777650920508,bias_score,positive,0,"[""elapsed_day"", ""circadian_sin"", ""circadian_cos"", ""occ_wake"", ""occ_miniwake"", ""occ_nrem"", ""occ_rem"", ""rule_frequency"", ""rule_reversal_frequency"", ""perf_intermediate"", ""perf_learned""]","[""bias_score""]",lfp_partial_behavior,global_lfp,global,global,PL,pl,delta,delta,whole_slice_norm
state_rem_acad_delta_whole_slice_norm,perf_pct_partial,350,-0.009024664354605352,0.8991008991008991,0.9793777650920508,perf_pct,negative,0,"[""elapsed_day"", ""circadian_sin"", ""circadian_cos"", ""occ_wake"", ""occ_miniwake"", ""occ_nrem"", ""occ_rem"", ""rule_frequency"", ""rule_reversal_frequency"", ""bias_left"", ""bias_right""]","[""perf_pct""]",lfp_partial_behavior,state_lfp,REM,rem,ACAd,acad,delta,delta,whole_slice_norm
lfp_pl_theta_whole_slice_norm,perf_pct_partial,526,-0.010630578216426477,0.906093906093906,0.9793777650920508,perf_pct,negative,0,"[""elapsed_day"", ""circadian_sin"", ""circadian_cos"", ""occ_wake"", ""occ_miniwake"", ""occ_nrem"", ""occ_rem"", ""rule_frequency"", ""rule_reversal_frequency"", ""bias_left"", ""bias_right""]","[""perf_pct""]",lfp_partial_behavior,global_lfp,global,global,PL,pl,theta,theta,whole_slice_norm
state_nrem_pl_theta_whole_slice_norm,bias_score_partial,468,0.008702328923779746,0.9080919080919081,0.9793777650920508,bias_score,positive,0,"[""elapsed_day"", ""circadian_sin"", ""circadian_cos"", ""occ_wake"", ""occ_miniwake"", ""occ_nrem"", ""occ_rem"", ""rule_frequency"", ""rule_reversal_frequency"", ""perf_intermediate"", ""perf_learned""]","[""bias_score""]",lfp_partial_behavior,state_lfp,NREM,nrem,PL,pl,theta,theta,whole_slice_norm
state_wake_ila_theta_whole_slice_norm,perf_pct_partial,526,0.011155430374677701,0.9140859140859141,0.9793777650920508,perf_pct,positive,0,"[""elapsed_day"", ""circadian_sin"", ""circadian_cos"", ""occ_wake"", ""occ_miniwake"", ""occ_nrem"", ""occ_rem"", ""rule_frequency"", ""rule_reversal_frequency"", ""bias_left"", ""bias_right""]","[""perf_pct""]",lfp_partial_behavior,state_lfp,Wake,wake,ILA,ila,theta,theta,whole_slice_norm
state_rem_ila_delta_whole_slice_norm,perf_pct_partial,350,-0.008206835056599002,0.9140859140859141,0.9793777650920508,perf_pct,negative,0,"[""elapsed_day"", ""circadian_sin"", ""circadian_cos"", ""occ_wake"", ""occ_miniwake"", ""occ_nrem"", ""occ_rem"", ""rule_frequency"", ""rule_reversal_frequency"", ""bias_left"", ""bias_right""]","[""perf_pct""]",lfp_partial_behavior,state_lfp,REM,rem,ILA,ila,delta,delta,whole_slice_norm
state_wake_ila_theta_whole_slice_norm,bias_score_partial,526,-0.009490728367392053,0.929070929070929,0.986623995473553,bias_score,negative,0,"[""elapsed_day"", ""circadian_sin"", ""circadian_cos"", ""occ_wake"", ""occ_miniwake"", ""occ_nrem"", ""occ_rem"", ""rule_frequency"", ""rule_reversal_frequency"", ""perf_intermediate"", ""perf_learned""]","[""bias_score""]",lfp_partial_behavior,state_lfp,Wake,wake,ILA,ila,theta,theta,whole_slice_norm
lfp_acad_delta_whole_slice_norm,perf_pct_partial,526,0.0048400144020888875,0.957042957042957,0.997646421375235,perf_pct,positive,0,"[""elapsed_day"", ""circadian_sin"", ""circadian_cos"", ""occ_wake"", ""occ_miniwake"", ""occ_nrem"", ""occ_rem"", ""rule_frequency"", ""rule_reversal_frequency"", ""bias_left"", ""bias_right""]","[""perf_pct""]",lfp_partial_behavior,global_lfp,global,global,ACAd,acad,delta,delta,whole_slice_norm
state_wake_ila_gamma_whole_slice_norm,perf_pct_partial,526,-0.0030127404588327837,0.97002997002997,0.997646421375235,perf_pct,negative,0,"[""elapsed_day"", ""circadian_sin"", ""circadian_cos"", ""occ_wake"", ""occ_miniwake"", ""occ_nrem"", ""occ_rem"", ""rule_frequency"", ""rule_reversal_frequency"", ""bias_left"", ""bias_right""]","[""perf_pct""]",lfp_partial_behavior,state_lfp,Wake,wake,ILA,ila,gamma,gamma,whole_slice_norm
lfp_pl_theta_whole_slice_norm,bias_score_partial,526,0.0035705051411495502,0.973026973026973,0.997646421375235,bias_score,positive,0,"[""elapsed_day"", ""circadian_sin"", ""circadian_cos"", ""occ_wake"", ""occ_miniwake"", ""occ_nrem"", ""occ_rem"", ""rule_frequency"", ""rule_reversal_frequency"", ""perf_intermediate"", ""perf_learned""]","[""bias_score""]",lfp_partial_behavior,global_lfp,global,global,PL,pl,theta,theta,whole_slice_norm
state_working_mos_theta_whole_slice_norm,perf_pct_partial,204,0.005351446492542952,0.9760239760239761,0.997646421375235,perf_pct,positive,0,"[""elapsed_day"", ""circadian_sin"", ""circadian_cos"", ""occ_wake"", ""occ_miniwake"", ""occ_nrem"", ""occ_rem"", ""rule_frequency"", ""rule_reversal_frequency"", ""bias_left"", ""bias_right""]","[""perf_pct""]",lfp_partial_behavior,state_lfp,Working,working,MOs,mos,theta,theta,whole_slice_norm
state_wake_ila_delta_whole_slice_norm,bias_score_partial,526,-0.0025173499784984774,0.981018981018981,0.997646421375235,bias_score,negative,0,"[""elapsed_day"", ""circadian_sin"", ""circadian_cos"", ""occ_wake"", ""occ_miniwake"", ""occ_nrem"", ""occ_rem"", ""rule_frequency"", ""rule_reversal_frequency"", ""perf_intermediate"", ""perf_learned""]","[""bias_score""]",lfp_partial_behavior,state_lfp,Wake,wake,ILA,ila,delta,delta,whole_slice_norm
state_rem_pl_delta_whole_slice_norm,perf_pct_partial,350,0.00021177080059116136,0.999000999000999,0.999000999000999,perf_pct,positive,0,"[""elapsed_day"", ""circadian_sin"", ""circadian_cos"", ""occ_wake"", ""occ_miniwake"", ""occ_nrem"", ""occ_rem"", ""rule_frequency"", ""rule_reversal_frequency"", ""bias_left"", ""bias_right""]","[""perf_pct""]",lfp_partial_behavior,state_lfp,REM,rem,PL,pl,delta,delta,whole_slice_norm
state_nrem_ila_delta_whole_slice_norm,bias_score_partial,468,2.5336892143015726e-05,0.999000999000999,0.999000999000999,bias_score,positive,0,"[""elapsed_day"", ""circadian_sin"", ""circadian_cos"", ""occ_wake"", ""occ_miniwake"", ""occ_nrem"", ""occ_rem"", ""rule_frequency"", ""rule_reversal_frequency"", ""perf_intermediate"", ""perf_learned""]","[""bias_score""]",lfp_partial_behavior,state_lfp,NREM,nrem,ILA,ila,delta,delta,whole_slice_norm
