target,test_family,n_obs,r2_base,r2_full,delta_r2,permutation_p,fdr_q,top_term,top_beta,effect_sign,low_confidence,base_terms,test_terms,analysis_family,target_class,natural_state,natural_state_token,channel_group,channel_group_token,band,band_token,feature_scope
state_nrem_acad_delta_whole_slice_norm,rule_block,468,0.4636110718749572,0.5418200177322909,0.07820894585733373,0.000999000999000999,0.11988011988011987,rule_reversal_frequency,-0.18589915860590941,negative,0,"[""elapsed_day"", ""circadian_sin"", ""circadian_cos"", ""occ_wake"", ""occ_miniwake"", ""occ_nrem"", ""occ_rem""]","[""rule_frequency"", ""rule_reversal_frequency""]",lfp_behavior_modulation,state_lfp,NREM,nrem,ACAd,acad,delta,delta,whole_slice_norm
state_wake_mos_delta_whole_slice_norm,rule_block,526,0.2740989938001457,0.34423561681262294,0.07013662301247725,0.000999000999000999,0.11988011988011987,rule_reversal_frequency,-0.23842200828870902,negative,0,"[""elapsed_day"", ""circadian_sin"", ""circadian_cos"", ""occ_wake"", ""occ_miniwake"", ""occ_nrem"", ""occ_rem""]","[""rule_frequency"", ""rule_reversal_frequency""]",lfp_behavior_modulation,state_lfp,Wake,wake,MOs,mos,delta,delta,whole_slice_norm
lfp_mos_delta_whole_slice_norm,rule_block,526,0.7763452596833462,0.8006152782490042,0.024270018565658025,0.003996003996003996,0.1918081918081918,rule_reversal_frequency,-0.1470248193745869,negative,0,"[""elapsed_day"", ""circadian_sin"", ""circadian_cos"", ""occ_wake"", ""occ_miniwake"", ""occ_nrem"", ""occ_rem""]","[""rule_frequency"", ""rule_reversal_frequency""]",lfp_behavior_modulation,global_lfp,global,global,MOs,mos,delta,delta,whole_slice_norm
state_rem_acad_delta_whole_slice_norm,rule_block,350,0.26980964336646474,0.3088693811699741,0.03905973780350935,0.011988011988011988,0.4110175538746967,rule_reversal_frequency,-0.35453607738330506,negative,0,"[""elapsed_day"", ""circadian_sin"", ""circadian_cos"", ""occ_wake"", ""occ_miniwake"", ""occ_nrem"", ""occ_rem""]","[""rule_frequency"", ""rule_reversal_frequency""]",lfp_behavior_modulation,state_lfp,REM,rem,ACAd,acad,delta,delta,whole_slice_norm
state_wake_pl_gamma_whole_slice_norm,behavior_all,526,0.025040846354297597,0.19788348155542212,0.17284263520112453,0.016983016983016984,0.44400044400044403,rule_reversal_frequency,-0.35090361326552555,negative,0,"[""elapsed_day"", ""circadian_sin"", ""circadian_cos"", ""occ_wake"", ""occ_miniwake"", ""occ_nrem"", ""occ_rem""]","[""rule_frequency"", ""rule_reversal_frequency"", ""perf_intermediate"", ""perf_learned"", ""bias_left"", ""bias_right""]",lfp_behavior_modulation,state_lfp,Wake,wake,PL,pl,gamma,gamma,whole_slice_norm
state_wake_ila_theta_whole_slice_norm,rule_block,526,0.209127985761138,0.26262811397887453,0.05350012821773653,0.02097902097902098,0.44400044400044403,rule_reversal_frequency,-0.19956159903171336,negative,0,"[""elapsed_day"", ""circadian_sin"", ""circadian_cos"", ""occ_wake"", ""occ_miniwake"", ""occ_nrem"", ""occ_rem""]","[""rule_frequency"", ""rule_reversal_frequency""]",lfp_behavior_modulation,state_lfp,Wake,wake,ILA,ila,theta,theta,whole_slice_norm
state_rem_ila_delta_whole_slice_norm,learning_stage_block,350,0.21736066423847022,0.26540484530936603,0.04804418107089581,0.02197802197802198,0.44400044400044403,perf_intermediate,-0.24118034605229793,negative,0,"[""elapsed_day"", ""circadian_sin"", ""circadian_cos"", ""occ_wake"", ""occ_miniwake"", ""occ_nrem"", ""occ_rem""]","[""perf_intermediate"", ""perf_learned""]",lfp_behavior_modulation,state_lfp,REM,rem,ILA,ila,delta,delta,whole_slice_norm
state_wake_ila_delta_whole_slice_norm,rule_block,526,0.20752743984567867,0.25427766496742643,0.04675022512174776,0.028971028971028972,0.44400044400044403,rule_reversal_frequency,-0.2278796508747833,negative,0,"[""elapsed_day"", ""circadian_sin"", ""circadian_cos"", ""occ_wake"", ""occ_miniwake"", ""occ_nrem"", ""occ_rem""]","[""rule_frequency"", ""rule_reversal_frequency""]",lfp_behavior_modulation,state_lfp,Wake,wake,ILA,ila,delta,delta,whole_slice_norm
state_rem_acad_gamma_whole_slice_norm,bias_block,350,0.018306763076951005,0.09153402403914157,0.07322726096219057,0.030969030969030968,0.44400044400044403,bias_left,-0.12261931331896633,negative,0,"[""elapsed_day"", ""circadian_sin"", ""circadian_cos"", ""occ_wake"", ""occ_miniwake"", ""occ_nrem"", ""occ_rem""]","[""bias_left"", ""bias_right""]",lfp_behavior_modulation,state_lfp,REM,rem,ACAd,acad,gamma,gamma,whole_slice_norm
state_wake_pl_theta_whole_slice_norm,rule_block,526,0.17507679552899813,0.2151470624332238,0.04007026690422566,0.03396603396603397,0.44400044400044403,rule_reversal_frequency,-0.23030993774029168,negative,0,"[""elapsed_day"", ""circadian_sin"", ""circadian_cos"", ""occ_wake"", ""occ_miniwake"", ""occ_nrem"", ""occ_rem""]","[""rule_frequency"", ""rule_reversal_frequency""]",lfp_behavior_modulation,state_lfp,Wake,wake,PL,pl,theta,theta,whole_slice_norm
lfp_ila_delta_whole_slice_norm,rule_block,526,0.4320717341386058,0.4594457528224135,0.027374018683807733,0.03596403596403597,0.44400044400044403,rule_reversal_frequency,-0.191097903900384,negative,0,"[""elapsed_day"", ""circadian_sin"", ""circadian_cos"", ""occ_wake"", ""occ_miniwake"", ""occ_nrem"", ""occ_rem""]","[""rule_frequency"", ""rule_reversal_frequency""]",lfp_behavior_modulation,global_lfp,global,global,ILA,ila,delta,delta,whole_slice_norm
state_wake_acad_theta_whole_slice_norm,rule_block,526,0.07593432555409685,0.13405137429543734,0.058117048741340493,0.03796203796203796,0.44400044400044403,rule_reversal_frequency,-0.1819147802061321,negative,0,"[""elapsed_day"", ""circadian_sin"", ""circadian_cos"", ""occ_wake"", ""occ_miniwake"", ""occ_nrem"", ""occ_rem""]","[""rule_frequency"", ""rule_reversal_frequency""]",lfp_behavior_modulation,state_lfp,Wake,wake,ACAd,acad,theta,theta,whole_slice_norm
lfp_ila_theta_whole_slice_norm,rule_block,526,0.38436097611741105,0.416616282301128,0.03225530618371697,0.03896103896103896,0.44400044400044403,rule_reversal_frequency,-0.13565943015882467,negative,0,"[""elapsed_day"", ""circadian_sin"", ""circadian_cos"", ""occ_wake"", ""occ_miniwake"", ""occ_nrem"", ""occ_rem""]","[""rule_frequency"", ""rule_reversal_frequency""]",lfp_behavior_modulation,global_lfp,global,global,ILA,ila,theta,theta,whole_slice_norm
state_working_ila_delta_whole_slice_norm,learning_stage_block,204,0.11122710182160755,0.17831337226088173,0.06708627043927418,0.04395604395604396,0.44400044400044403,perf_learned,-0.24288102342204482,negative,0,"[""elapsed_day"", ""circadian_sin"", ""circadian_cos"", ""occ_wake"", ""occ_miniwake"", ""occ_nrem"", ""occ_rem""]","[""perf_intermediate"", ""perf_learned""]",lfp_behavior_modulation,state_lfp,Working,working,ILA,ila,delta,delta,whole_slice_norm
state_nrem_mos_theta_whole_slice_norm,learning_stage_block,468,0.53029792497825,0.5875994773513811,0.05730155237313106,0.04795204795204795,0.44400044400044403,perf_intermediate,0.09842645501005032,positive,0,"[""elapsed_day"", ""circadian_sin"", ""circadian_cos"", ""occ_wake"", ""occ_miniwake"", ""occ_nrem"", ""occ_rem""]","[""perf_intermediate"", ""perf_learned""]",lfp_behavior_modulation,state_lfp,NREM,nrem,MOs,mos,theta,theta,whole_slice_norm
state_working_mos_delta_whole_slice_norm,rule_block,204,0.12945836812835432,0.1677373055113387,0.03827893738298438,0.04895104895104895,0.44400044400044403,rule_reversal_frequency,-0.19600226164547718,negative,0,"[""elapsed_day"", ""circadian_sin"", ""circadian_cos"", ""occ_wake"", ""occ_miniwake"", ""occ_nrem"", ""occ_rem""]","[""rule_frequency"", ""rule_reversal_frequency""]",lfp_behavior_modulation,state_lfp,Working,working,MOs,mos,delta,delta,whole_slice_norm
state_wake_acad_gamma_whole_slice_norm,bias_block,526,0.21944968152416044,0.2711447841317264,0.051695102607565935,0.04995004995004995,0.44400044400044403,bias_left,-0.11106939942302768,negative,0,"[""elapsed_day"", ""circadian_sin"", ""circadian_cos"", ""occ_wake"", ""occ_miniwake"", ""occ_nrem"", ""occ_rem""]","[""bias_left"", ""bias_right""]",lfp_behavior_modulation,state_lfp,Wake,wake,ACAd,acad,gamma,gamma,whole_slice_norm
state_nrem_ila_delta_whole_slice_norm,rule_block,468,0.25152725639683615,0.27559027905434685,0.024063022657510702,0.04995004995004995,0.44400044400044403,rule_reversal_frequency,-0.18537270167756204,negative,0,"[""elapsed_day"", ""circadian_sin"", ""circadian_cos"", ""occ_wake"", ""occ_miniwake"", ""occ_nrem"", ""occ_rem""]","[""rule_frequency"", ""rule_reversal_frequency""]",lfp_behavior_modulation,state_lfp,NREM,nrem,ILA,ila,delta,delta,whole_slice_norm
state_rem_ila_gamma_whole_slice_norm,bias_block,350,0.059679333649081845,0.1288150915573455,0.06913575790826365,0.053946053946053944,0.46239474810903386,bias_left,-0.5911990272604405,negative,0,"[""elapsed_day"", ""circadian_sin"", ""circadian_cos"", ""occ_wake"", ""occ_miniwake"", ""occ_nrem"", ""occ_rem""]","[""bias_left"", ""bias_right""]",lfp_behavior_modulation,state_lfp,REM,rem,ILA,ila,gamma,gamma,whole_slice_norm
state_nrem_ila_theta_whole_slice_norm,bias_block,468,0.45693821490782627,0.4764676948291289,0.019529479921302606,0.061938061938061936,0.47499670141179573,bias_left,0.0603200633210845,positive,0,"[""elapsed_day"", ""circadian_sin"", ""circadian_cos"", ""occ_wake"", ""occ_miniwake"", ""occ_nrem"", ""occ_rem""]","[""bias_left"", ""bias_right""]",lfp_behavior_modulation,state_lfp,NREM,nrem,ILA,ila,theta,theta,whole_slice_norm
state_nrem_mos_delta_whole_slice_norm,rule_block,468,0.5587824297907262,0.5822884993660269,0.02350606957530066,0.06393606393606394,0.47499670141179573,rule_reversal_frequency,-0.12665457338581182,negative,0,"[""elapsed_day"", ""circadian_sin"", ""circadian_cos"", ""occ_wake"", ""occ_miniwake"", ""occ_nrem"", ""occ_rem""]","[""rule_frequency"", ""rule_reversal_frequency""]",lfp_behavior_modulation,state_lfp,NREM,nrem,MOs,mos,delta,delta,whole_slice_norm
state_nrem_acad_theta_whole_slice_norm,learning_stage_block,468,0.442635222741929,0.4621067815829605,0.019471558841031467,0.07692307692307693,0.47499670141179573,perf_learned,-0.03008898682371001,negative,0,"[""elapsed_day"", ""circadian_sin"", ""circadian_cos"", ""occ_wake"", ""occ_miniwake"", ""occ_nrem"", ""occ_rem""]","[""perf_intermediate"", ""perf_learned""]",lfp_behavior_modulation,state_lfp,NREM,nrem,ACAd,acad,theta,theta,whole_slice_norm
lfp_acad_gamma_whole_slice_norm,bias_block,526,0.31394829144363234,0.35506954144095115,0.04112124999731881,0.07892107892107893,0.47499670141179573,bias_left,-0.10543406474656128,negative,0,"[""elapsed_day"", ""circadian_sin"", ""circadian_cos"", ""occ_wake"", ""occ_miniwake"", ""occ_nrem"", ""occ_rem""]","[""bias_left"", ""bias_right""]",lfp_behavior_modulation,global_lfp,global,global,ACAd,acad,gamma,gamma,whole_slice_norm
lfp_acad_delta_whole_slice_norm,rule_block,526,0.35130833413774465,0.37216225213674736,0.020853917999002713,0.08191808191808192,0.47499670141179573,rule_reversal_frequency,-0.12754385095951365,negative,0,"[""elapsed_day"", ""circadian_sin"", ""circadian_cos"", ""occ_wake"", ""occ_miniwake"", ""occ_nrem"", ""occ_rem""]","[""rule_frequency"", ""rule_reversal_frequency""]",lfp_behavior_modulation,global_lfp,global,global,ACAd,acad,delta,delta,whole_slice_norm
state_rem_mos_delta_whole_slice_norm,rule_block,350,0.2955370082994814,0.3078960931661465,0.012359084866665149,0.08691308691308691,0.47499670141179573,rule_reversal_frequency,-0.24515258568129408,negative,0,"[""elapsed_day"", ""circadian_sin"", ""circadian_cos"", ""occ_wake"", ""occ_miniwake"", ""occ_nrem"", ""occ_rem""]","[""rule_frequency"", ""rule_reversal_frequency""]",lfp_behavior_modulation,state_lfp,REM,rem,MOs,mos,delta,delta,whole_slice_norm
state_wake_ila_gamma_whole_slice_norm,behavior_all,526,0.03766252471539444,0.1311340975462817,0.09347157283088725,0.0899100899100899,0.47499670141179573,rule_reversal_frequency,-0.18371583643165446,negative,0,"[""elapsed_day"", ""circadian_sin"", ""circadian_cos"", ""occ_wake"", ""occ_miniwake"", ""occ_nrem"", ""occ_rem""]","[""rule_frequency"", ""rule_reversal_frequency"", ""perf_intermediate"", ""perf_learned"", ""bias_left"", ""bias_right""]",lfp_behavior_modulation,state_lfp,Wake,wake,ILA,ila,gamma,gamma,whole_slice_norm
state_working_pl_delta_whole_slice_norm,learning_stage_block,204,0.13444387373390865,0.17936970696706644,0.0449258332331578,0.0899100899100899,0.47499670141179573,perf_learned,-0.4164788958377525,negative,0,"[""elapsed_day"", ""circadian_sin"", ""circadian_cos"", ""occ_wake"", ""occ_miniwake"", ""occ_nrem"", ""occ_rem""]","[""perf_intermediate"", ""perf_learned""]",lfp_behavior_modulation,state_lfp,Working,working,PL,pl,delta,delta,whole_slice_norm
state_rem_ila_theta_whole_slice_norm,bias_block,350,0.3171542458559191,0.33648545516527906,0.019331209309359942,0.09090909090909091,0.47499670141179573,bias_right,-0.11720494707473517,negative,0,"[""elapsed_day"", ""circadian_sin"", ""circadian_cos"", ""occ_wake"", ""occ_miniwake"", ""occ_nrem"", ""occ_rem""]","[""bias_left"", ""bias_right""]",lfp_behavior_modulation,state_lfp,REM,rem,ILA,ila,theta,theta,whole_slice_norm
lfp_pl_theta_whole_slice_norm,rule_block,526,0.4065528199229389,0.42069819724475266,0.014145377321813757,0.0919080919080919,0.47499670141179573,rule_reversal_frequency,-0.16830108311783015,negative,0,"[""elapsed_day"", ""circadian_sin"", ""circadian_cos"", ""occ_wake"", ""occ_miniwake"", ""occ_nrem"", ""occ_rem""]","[""rule_frequency"", ""rule_reversal_frequency""]",lfp_behavior_modulation,global_lfp,global,global,PL,pl,theta,theta,whole_slice_norm
lfp_pl_gamma_whole_slice_norm,behavior_all,526,0.03268662369783626,0.13965799329656658,0.10697136959873033,0.1008991008991009,0.47499670141179573,rule_reversal_frequency,-0.3259017636853145,negative,0,"[""elapsed_day"", ""circadian_sin"", ""circadian_cos"", ""occ_wake"", ""occ_miniwake"", ""occ_nrem"", ""occ_rem""]","[""rule_frequency"", ""rule_reversal_frequency"", ""perf_intermediate"", ""perf_learned"", ""bias_left"", ""bias_right""]",lfp_behavior_modulation,global_lfp,global,global,PL,pl,gamma,gamma,whole_slice_norm
state_rem_pl_gamma_whole_slice_norm,bias_block,350,0.06059414967447818,0.11828774358187,0.057693593907391816,0.1108891108891109,0.4827172827172827,bias_left,-0.47453663916967587,negative,0,"[""elapsed_day"", ""circadian_sin"", ""circadian_cos"", ""occ_wake"", ""occ_miniwake"", ""occ_nrem"", ""occ_rem""]","[""bias_left"", ""bias_right""]",lfp_behavior_modulation,state_lfp,REM,rem,PL,pl,gamma,gamma,whole_slice_norm
state_wake_acad_delta_whole_slice_norm,rule_block,526,0.21164829395632967,0.2316421004274516,0.019993806471121922,0.1108891108891109,0.4827172827172827,rule_reversal_frequency,-0.14072477584310283,negative,0,"[""elapsed_day"", ""circadian_sin"", ""circadian_cos"", ""occ_wake"", ""occ_miniwake"", ""occ_nrem"", ""occ_rem""]","[""rule_frequency"", ""rule_reversal_frequency""]",lfp_behavior_modulation,state_lfp,Wake,wake,ACAd,acad,delta,delta,whole_slice_norm
state_rem_acad_theta_whole_slice_norm,bias_block,350,0.2589168983536073,0.2802788453763386,0.02136194702273131,0.1258741258741259,0.4827172827172827,bias_left,-0.08638873948707151,negative,0,"[""elapsed_day"", ""circadian_sin"", ""circadian_cos"", ""occ_wake"", ""occ_miniwake"", ""occ_nrem"", ""occ_rem""]","[""bias_left"", ""bias_right""]",lfp_behavior_modulation,state_lfp,REM,rem,ACAd,acad,theta,theta,whole_slice_norm
lfp_mos_theta_whole_slice_norm,learning_stage_block,526,0.7591686810642104,0.7776294246197666,0.01846074355555616,0.12687312687312688,0.4827172827172827,perf_learned,0.07902030261370058,positive,0,"[""elapsed_day"", ""circadian_sin"", ""circadian_cos"", ""occ_wake"", ""occ_miniwake"", ""occ_nrem"", ""occ_rem""]","[""perf_intermediate"", ""perf_learned""]",lfp_behavior_modulation,global_lfp,global,global,MOs,mos,theta,theta,whole_slice_norm
state_rem_mos_theta_whole_slice_norm,learning_stage_block,350,0.3590474229950755,0.38627276501797725,0.027225342022901722,0.12987012987012986,0.4827172827172827,perf_learned,0.12346339531419467,positive,0,"[""elapsed_day"", ""circadian_sin"", ""circadian_cos"", ""occ_wake"", ""occ_miniwake"", ""occ_nrem"", ""occ_rem""]","[""perf_intermediate"", ""perf_learned""]",lfp_behavior_modulation,state_lfp,REM,rem,MOs,mos,theta,theta,whole_slice_norm
lfp_acad_theta_whole_slice_norm,rule_block,526,0.3647358369641662,0.3916211507035514,0.026885313739385186,0.13186813186813187,0.4827172827172827,rule_reversal_frequency,-0.08632005228578422,negative,0,"[""elapsed_day"", ""circadian_sin"", ""circadian_cos"", ""occ_wake"", ""occ_miniwake"", ""occ_nrem"", ""occ_rem""]","[""rule_frequency"", ""rule_reversal_frequency""]",lfp_behavior_modulation,global_lfp,global,global,ACAd,acad,theta,theta,whole_slice_norm
state_working_ila_theta_whole_slice_norm,learning_stage_block,204,0.22039631363948964,0.27583853329824615,0.05544221965875651,0.13586413586413587,0.4827172827172827,perf_learned,-0.12565911321277137,negative,0,"[""elapsed_day"", ""circadian_sin"", ""circadian_cos"", ""occ_wake"", ""occ_miniwake"", ""occ_nrem"", ""occ_rem""]","[""perf_intermediate"", ""perf_learned""]",lfp_behavior_modulation,state_lfp,Working,working,ILA,ila,theta,theta,whole_slice_norm
state_rem_pl_theta_whole_slice_norm,learning_stage_block,350,0.1484507748986723,0.1827343433754729,0.034283568476800586,0.13986013986013987,0.4827172827172827,perf_intermediate,-0.2440579937374906,negative,0,"[""elapsed_day"", ""circadian_sin"", ""circadian_cos"", ""occ_wake"", ""occ_miniwake"", ""occ_nrem"", ""occ_rem""]","[""perf_intermediate"", ""perf_learned""]",lfp_behavior_modulation,state_lfp,REM,rem,PL,pl,theta,theta,whole_slice_norm
state_nrem_acad_gamma_whole_slice_norm,learning_stage_block,468,0.06471262595885374,0.09887566165273975,0.03416303569388601,0.14885114885114886,0.4827172827172827,perf_intermediate,-0.10181954808363848,negative,0,"[""elapsed_day"", ""circadian_sin"", ""circadian_cos"", ""occ_wake"", ""occ_miniwake"", ""occ_nrem"", ""occ_rem""]","[""perf_intermediate"", ""perf_learned""]",lfp_behavior_modulation,state_lfp,NREM,nrem,ACAd,acad,gamma,gamma,whole_slice_norm
state_nrem_pl_gamma_whole_slice_norm,bias_block,468,0.036335310452570324,0.0734412268684086,0.03710591641583827,0.15084915084915085,0.4827172827172827,bias_left,-0.282170372602125,negative,0,"[""elapsed_day"", ""circadian_sin"", ""circadian_cos"", ""occ_wake"", ""occ_miniwake"", ""occ_nrem"", ""occ_rem""]","[""bias_left"", ""bias_right""]",lfp_behavior_modulation,state_lfp,NREM,nrem,PL,pl,gamma,gamma,whole_slice_norm
state_rem_pl_delta_whole_slice_norm,learning_stage_block,350,0.17608270333653586,0.19854500636139227,0.02246230302485641,0.17482517482517482,0.5268805268805269,perf_intermediate,-0.46062628207242284,negative,0,"[""elapsed_day"", ""circadian_sin"", ""circadian_cos"", ""occ_wake"", ""occ_miniwake"", ""occ_nrem"", ""occ_rem""]","[""perf_intermediate"", ""perf_learned""]",lfp_behavior_modulation,state_lfp,REM,rem,PL,pl,delta,delta,whole_slice_norm
state_working_ila_gamma_whole_slice_norm,rule_block,204,0.215465962261169,0.2348249174583874,0.01935895519721842,0.17782217782217782,0.5268805268805269,rule_reversal_frequency,-0.07058609876184047,negative,0,"[""elapsed_day"", ""circadian_sin"", ""circadian_cos"", ""occ_wake"", ""occ_miniwake"", ""occ_nrem"", ""occ_rem""]","[""rule_frequency"", ""rule_reversal_frequency""]",lfp_behavior_modulation,state_lfp,Working,working,ILA,ila,gamma,gamma,whole_slice_norm
lfp_ila_gamma_whole_slice_norm,bias_block,526,0.026812502270589067,0.058551495030783385,0.03173899276019432,0.1938061938061938,0.547217488393959,bias_left,-0.17497360865282655,negative,0,"[""elapsed_day"", ""circadian_sin"", ""circadian_cos"", ""occ_wake"", ""occ_miniwake"", ""occ_nrem"", ""occ_rem""]","[""bias_left"", ""bias_right""]",lfp_behavior_modulation,global_lfp,global,global,ILA,ila,gamma,gamma,whole_slice_norm
state_working_acad_delta_whole_slice_norm,rule_block,204,0.03298966257569913,0.059509682437783984,0.026520019862084854,0.2217782217782218,0.6034415023179068,rule_reversal_frequency,-0.2677634213336142,negative,0,"[""elapsed_day"", ""circadian_sin"", ""circadian_cos"", ""occ_wake"", ""occ_miniwake"", ""occ_nrem"", ""occ_rem""]","[""rule_frequency"", ""rule_reversal_frequency""]",lfp_behavior_modulation,state_lfp,Working,working,ACAd,acad,delta,delta,whole_slice_norm
state_working_pl_theta_whole_slice_norm,rule_block,204,0.15211037202527367,0.17009764264129035,0.017987270616016682,0.25274725274725274,0.6189728638708231,rule_reversal_frequency,-0.28547640229730364,negative,0,"[""elapsed_day"", ""circadian_sin"", ""circadian_cos"", ""occ_wake"", ""occ_miniwake"", ""occ_nrem"", ""occ_rem""]","[""rule_frequency"", ""rule_reversal_frequency""]",lfp_behavior_modulation,state_lfp,Working,working,PL,pl,theta,theta,whole_slice_norm
state_nrem_pl_theta_whole_slice_norm,learning_stage_block,468,0.10448258903559104,0.11558726284540999,0.011104673809818943,0.2917082917082917,0.6386890420503866,perf_intermediate,-0.09303837352819493,negative,0,"[""elapsed_day"", ""circadian_sin"", ""circadian_cos"", ""occ_wake"", ""occ_miniwake"", ""occ_nrem"", ""occ_rem""]","[""perf_intermediate"", ""perf_learned""]",lfp_behavior_modulation,state_lfp,NREM,nrem,PL,pl,theta,theta,whole_slice_norm
state_working_mos_theta_whole_slice_norm,learning_stage_block,204,0.1960472447752356,0.2254724077230078,0.0294251629477722,0.3026973026973027,0.6386890420503866,perf_learned,-0.0819771907605856,negative,0,"[""elapsed_day"", ""circadian_sin"", ""circadian_cos"", ""occ_wake"", ""occ_miniwake"", ""occ_nrem"", ""occ_rem""]","[""perf_intermediate"", ""perf_learned""]",lfp_behavior_modulation,state_lfp,Working,working,MOs,mos,theta,theta,whole_slice_norm
state_nrem_ila_gamma_whole_slice_norm,rule_block,468,0.040400265984902206,0.053127839861607074,0.012727573876704867,0.3226773226773227,0.6400211358889045,rule_reversal_frequency,0.28739639765538716,positive,0,"[""elapsed_day"", ""circadian_sin"", ""circadian_cos"", ""occ_wake"", ""occ_miniwake"", ""occ_nrem"", ""occ_rem""]","[""rule_frequency"", ""rule_reversal_frequency""]",lfp_behavior_modulation,state_lfp,NREM,nrem,ILA,ila,gamma,gamma,whole_slice_norm
state_nrem_pl_delta_whole_slice_norm,learning_stage_block,468,0.11663221492388276,0.12606609120869094,0.009433876284808185,0.34565434565434566,0.6449364588899472,perf_intermediate,-0.16708881071623038,negative,0,"[""elapsed_day"", ""circadian_sin"", ""circadian_cos"", ""occ_wake"", ""occ_miniwake"", ""occ_nrem"", ""occ_rem""]","[""perf_intermediate"", ""perf_learned""]",lfp_behavior_modulation,state_lfp,NREM,nrem,PL,pl,delta,delta,whole_slice_norm
state_wake_pl_delta_whole_slice_norm,rule_block,526,0.23690220926982686,0.24175764826017188,0.004855438990345018,0.35664335664335667,0.6533924091176,rule_reversal_frequency,-0.08667230337492446,negative,0,"[""elapsed_day"", ""circadian_sin"", ""circadian_cos"", ""occ_wake"", ""occ_miniwake"", ""occ_nrem"", ""occ_rem""]","[""rule_frequency"", ""rule_reversal_frequency""]",lfp_behavior_modulation,state_lfp,Wake,wake,PL,pl,delta,delta,whole_slice_norm
state_working_acad_theta_whole_slice_norm,rule_block,204,0.06303683785918246,0.07392963324842405,0.010892795389241594,0.3836163836163836,0.6576280861995147,rule_reversal_frequency,-0.1297253728583754,negative,0,"[""elapsed_day"", ""circadian_sin"", ""circadian_cos"", ""occ_wake"", ""occ_miniwake"", ""occ_nrem"", ""occ_rem""]","[""rule_frequency"", ""rule_reversal_frequency""]",lfp_behavior_modulation,state_lfp,Working,working,ACAd,acad,theta,theta,whole_slice_norm
state_working_acad_gamma_whole_slice_norm,learning_stage_block,204,0.11977994393938496,0.1444928197741041,0.02471287583471915,0.3936063936063936,0.6652502427150314,perf_intermediate,-0.10731943904229337,negative,0,"[""elapsed_day"", ""circadian_sin"", ""circadian_cos"", ""occ_wake"", ""occ_miniwake"", ""occ_nrem"", ""occ_rem""]","[""perf_intermediate"", ""perf_learned""]",lfp_behavior_modulation,state_lfp,Working,working,ACAd,acad,gamma,gamma,whole_slice_norm
state_rem_mos_gamma_whole_slice_norm,behavior_all,350,0.2043303146877381,0.26709167535500444,0.06276136066726634,0.4565434565434565,0.693483731458415,rule_reversal_frequency,-0.07811272708826646,negative,0,"[""elapsed_day"", ""circadian_sin"", ""circadian_cos"", ""occ_wake"", ""occ_miniwake"", ""occ_nrem"", ""occ_rem""]","[""rule_frequency"", ""rule_reversal_frequency"", ""perf_intermediate"", ""perf_learned"", ""bias_left"", ""bias_right""]",lfp_behavior_modulation,state_lfp,REM,rem,MOs,mos,gamma,gamma,whole_slice_norm
lfp_pl_delta_whole_slice_norm,bias_block,526,0.44888104867166545,0.4532008653758719,0.004319816704206447,0.48951048951048953,0.723666577325114,bias_right,-0.08516445274641316,negative,0,"[""elapsed_day"", ""circadian_sin"", ""circadian_cos"", ""occ_wake"", ""occ_miniwake"", ""occ_nrem"", ""occ_rem""]","[""bias_left"", ""bias_right""]",lfp_behavior_modulation,global_lfp,global,global,PL,pl,delta,delta,whole_slice_norm
state_wake_mos_gamma_whole_slice_norm,bias_block,526,0.2966669526242637,0.310602226081628,0.013935273457364339,0.5084915084915085,0.7351684460118195,bias_left,-0.05958483331968105,negative,0,"[""elapsed_day"", ""circadian_sin"", ""circadian_cos"", ""occ_wake"", ""occ_miniwake"", ""occ_nrem"", ""occ_rem""]","[""bias_left"", ""bias_right""]",lfp_behavior_modulation,state_lfp,Wake,wake,MOs,mos,gamma,gamma,whole_slice_norm
state_wake_mos_theta_whole_slice_norm,rule_block,526,0.43102032708801674,0.43648439124270966,0.005464064154692916,0.5084915084915085,0.7351684460118195,rule_reversal_frequency,-0.06521905677262818,negative,0,"[""elapsed_day"", ""circadian_sin"", ""circadian_cos"", ""occ_wake"", ""occ_miniwake"", ""occ_nrem"", ""occ_rem""]","[""rule_frequency"", ""rule_reversal_frequency""]",lfp_behavior_modulation,state_lfp,Wake,wake,MOs,mos,theta,theta,whole_slice_norm
lfp_mos_gamma_whole_slice_norm,rule_block,526,0.3648159276426617,0.3695975528482187,0.004781625205557027,0.6733266733266733,0.8215135118688419,rule_reversal_frequency,-0.04000123920214603,negative,0,"[""elapsed_day"", ""circadian_sin"", ""circadian_cos"", ""occ_wake"", ""occ_miniwake"", ""occ_nrem"", ""occ_rem""]","[""rule_frequency"", ""rule_reversal_frequency""]",lfp_behavior_modulation,global_lfp,global,global,MOs,mos,gamma,gamma,whole_slice_norm
state_working_mos_gamma_whole_slice_norm,bias_block,204,0.18385209397472513,0.19915970971105346,0.015307615736328328,0.6743256743256744,0.8215135118688419,bias_right,-0.034383175572167246,negative,0,"[""elapsed_day"", ""circadian_sin"", ""circadian_cos"", ""occ_wake"", ""occ_miniwake"", ""occ_nrem"", ""occ_rem""]","[""bias_left"", ""bias_right""]",lfp_behavior_modulation,state_lfp,Working,working,MOs,mos,gamma,gamma,whole_slice_norm
state_working_pl_gamma_whole_slice_norm,rule_block,204,0.13541276743297725,0.13675660939176115,0.001343841958783898,0.7472527472527473,0.8737416429724122,rule_reversal_frequency,-0.03137954636412432,negative,0,"[""elapsed_day"", ""circadian_sin"", ""circadian_cos"", ""occ_wake"", ""occ_miniwake"", ""occ_nrem"", ""occ_rem""]","[""rule_frequency"", ""rule_reversal_frequency""]",lfp_behavior_modulation,state_lfp,Working,working,PL,pl,gamma,gamma,whole_slice_norm
state_nrem_mos_gamma_whole_slice_norm,rule_block,468,0.31091965709116,0.31261334359255966,0.0016936865013996716,0.7542457542457542,0.8737416429724122,rule_reversal_frequency,-0.016895193649316305,negative,0,"[""elapsed_day"", ""circadian_sin"", ""circadian_cos"", ""occ_wake"", ""occ_miniwake"", ""occ_nrem"", ""occ_rem""]","[""rule_frequency"", ""rule_reversal_frequency""]",lfp_behavior_modulation,state_lfp,NREM,nrem,MOs,mos,gamma,gamma,whole_slice_norm
