channel_group,channel_group_token,band,band_token,feature_scope,test_family,top_state,top_state_token,top_state_target,top_state_delta_r2,top_state_p,top_state_q,top_term,effect_sign,n_obs,significant_states,n_significant_states,state_selectivity_delta_r2,global_target,global_delta_r2,global_q,interpretation
ACAd,acad,delta,delta,whole_slice_norm,rule_block,NREM,nrem,state_nrem_acad_delta_whole_slice_norm,0.07820894585733373,0.000999000999000999,0.11988011988011987,rule_reversal_frequency,negative,468,,0,0.03914920805382438,lfp_acad_delta_whole_slice_norm,0.020853917999002713,0.47499670141179573,nominal_exploratory
MOs,mos,delta,delta,whole_slice_norm,rule_block,Wake,wake,state_wake_mos_delta_whole_slice_norm,0.07013662301247725,0.000999000999000999,0.11988011988011987,rule_reversal_frequency,negative,526,,0,0.03185768562949287,lfp_mos_delta_whole_slice_norm,0.024270018565658025,0.1918081918081918,nominal_exploratory
ACAd,acad,delta,delta,whole_slice_norm,behavior_all,NREM,nrem,state_nrem_acad_delta_whole_slice_norm,0.09103789564849951,0.002997002997002997,0.1918081918081918,rule_reversal_frequency,negative,468,,0,0.024653772200360025,lfp_acad_delta_whole_slice_norm,0.027791622960838258,0.6793206793206793,nominal_exploratory
ACAd,acad,delta,delta,whole_slice_norm,learning_stage_block,NREM,nrem,state_nrem_acad_delta_whole_slice_norm,0.050903264526475644,0.003996003996003996,0.1918081918081918,perf_learned,negative,468,,0,0.009327004708284181,lfp_acad_delta_whole_slice_norm,0.010564935009677812,0.6449364588899472,nominal_exploratory
MOs,mos,delta,delta,whole_slice_norm,behavior_all,Wake,wake,state_wake_mos_delta_whole_slice_norm,0.07609466306597068,0.011988011988011988,0.4110175538746967,rule_reversal_frequency,negative,526,,0,0.040101876653961366,lfp_mos_delta_whole_slice_norm,0.027295347796583158,0.44400044400044403,nominal_exploratory
PL,pl,gamma,gamma,whole_slice_norm,behavior_all,Wake,wake,state_wake_pl_gamma_whole_slice_norm,0.17284263520112453,0.016983016983016984,0.44400044400044403,rule_reversal_frequency,negative,526,,0,0.08520904638273408,lfp_pl_gamma_whole_slice_norm,0.10697136959873033,0.47499670141179573,nominal_exploratory
ILA,ila,theta,theta,whole_slice_norm,rule_block,Wake,wake,state_wake_ila_theta_whole_slice_norm,0.05350012821773653,0.02097902097902098,0.44400044400044403,rule_reversal_frequency,negative,526,,0,0.041757710953073124,lfp_ila_theta_whole_slice_norm,0.03225530618371697,0.44400044400044403,nominal_exploratory
ILA,ila,delta,delta,whole_slice_norm,learning_stage_block,REM,rem,state_rem_ila_delta_whole_slice_norm,0.04804418107089581,0.02197802197802198,0.44400044400044403,perf_intermediate,negative,350,,0,-0.019042089368378368,lfp_ila_delta_whole_slice_norm,0.008404769158087633,0.6723346583486444,nominal_exploratory
ACAd,acad,delta,delta,whole_slice_norm,bias_block,NREM,nrem,state_nrem_acad_delta_whole_slice_norm,0.031542751582325335,0.027972027972027972,0.44400044400044403,bias_left,positive,468,,0,-0.001526110751498888,lfp_acad_delta_whole_slice_norm,0.007666323577410261,0.693483731458415,nominal_exploratory
ILA,ila,delta,delta,whole_slice_norm,rule_block,Wake,wake,state_wake_ila_delta_whole_slice_norm,0.04675022512174776,0.028971028971028972,0.44400044400044403,rule_reversal_frequency,negative,526,,0,0.015349423724014821,lfp_ila_delta_whole_slice_norm,0.027374018683807733,0.44400044400044403,nominal_exploratory
ACAd,acad,gamma,gamma,whole_slice_norm,bias_block,REM,rem,state_rem_acad_gamma_whole_slice_norm,0.07322726096219057,0.030969030969030968,0.44400044400044403,bias_left,negative,350,,0,0.02153215835462463,lfp_acad_gamma_whole_slice_norm,0.04112124999731881,0.47499670141179573,nominal_exploratory
PL,pl,theta,theta,whole_slice_norm,rule_block,Wake,wake,state_wake_pl_theta_whole_slice_norm,0.04007026690422566,0.03396603396603397,0.44400044400044403,rule_reversal_frequency,negative,526,,0,0.022082996288208978,lfp_pl_theta_whole_slice_norm,0.014145377321813757,0.47499670141179573,nominal_exploratory
MOs,mos,delta,delta,whole_slice_norm,learning_stage_block,Wake,wake,state_wake_mos_delta_whole_slice_norm,0.038065792669325416,0.03496503496503497,0.44400044400044403,perf_intermediate,negative,526,,0,-0.015933859076764256,lfp_mos_delta_whole_slice_norm,0.006021645641925755,0.6386890420503866,nominal_exploratory
ACAd,acad,theta,theta,whole_slice_norm,rule_block,Wake,wake,state_wake_acad_theta_whole_slice_norm,0.058117048741340493,0.03796203796203796,0.44400044400044403,rule_reversal_frequency,negative,526,,0,0.04900722150946346,lfp_acad_theta_whole_slice_norm,0.026885313739385186,0.4827172827172827,nominal_exploratory
MOs,mos,theta,theta,whole_slice_norm,learning_stage_block,NREM,nrem,state_nrem_mos_theta_whole_slice_norm,0.05730155237313106,0.04795204795204795,0.44400044400044403,perf_intermediate,positive,468,,0,0.030076210350229338,lfp_mos_theta_whole_slice_norm,0.01846074355555616,0.4827172827172827,nominal_exploratory
ILA,ila,gamma,gamma,whole_slice_norm,bias_block,REM,rem,state_rem_ila_gamma_whole_slice_norm,0.06913575790826365,0.053946053946053944,0.46239474810903386,bias_left,negative,350,,0,0.022019917403175104,lfp_ila_gamma_whole_slice_norm,0.03173899276019432,0.547217488393959,no_clear_state_specific_modulation
PL,pl,gamma,gamma,whole_slice_norm,rule_block,Wake,wake,state_wake_pl_gamma_whole_slice_norm,0.07785778573521718,0.059940059940059943,0.47499670141179573,rule_reversal_frequency,negative,526,,0,0.07651394377643328,lfp_pl_gamma_whole_slice_norm,0.024926286385246743,0.6080517420723607,no_clear_state_specific_modulation
ILA,ila,theta,theta,whole_slice_norm,bias_block,NREM,nrem,state_nrem_ila_theta_whole_slice_norm,0.019529479921302606,0.061938061938061936,0.47499670141179573,bias_left,positive,468,,0,0.0001982706119426636,lfp_ila_theta_whole_slice_norm,0.024421523621260932,0.47499670141179573,no_clear_state_specific_modulation
ILA,ila,theta,theta,whole_slice_norm,behavior_all,Wake,wake,state_wake_ila_theta_whole_slice_norm,0.0720546836802235,0.06293706293706294,0.47499670141179573,rule_reversal_frequency,negative,526,,0,0.03310746825389965,lfp_ila_theta_whole_slice_norm,0.048861202799864945,0.47499670141179573,no_clear_state_specific_modulation
ILA,ila,delta,delta,whole_slice_norm,behavior_all,Wake,wake,state_wake_ila_delta_whole_slice_norm,0.0614244820189892,0.07592407592407592,0.47499670141179573,rule_reversal_frequency,negative,526,,0,-0.002033679629610319,lfp_ila_delta_whole_slice_norm,0.040188767238070855,0.47499670141179573,no_clear_state_specific_modulation
ACAd,acad,theta,theta,whole_slice_norm,learning_stage_block,NREM,nrem,state_nrem_acad_theta_whole_slice_norm,0.019471558841031467,0.07692307692307693,0.47499670141179573,perf_learned,negative,468,,0,-0.01738641162859078,lfp_acad_theta_whole_slice_norm,0.02309220857033678,0.5897550725136932,no_clear_state_specific_modulation
MOs,mos,delta,delta,whole_slice_norm,bias_block,Working,working,state_working_mos_delta_whole_slice_norm,0.04178964350287251,0.08291708291708291,0.47499670141179573,bias_left,positive,204,,0,0.024944365440304206,lfp_mos_delta_whole_slice_norm,0.004704533423714574,0.6386890420503866,no_clear_state_specific_modulation
ILA,ila,gamma,gamma,whole_slice_norm,behavior_all,Wake,wake,state_wake_ila_gamma_whole_slice_norm,0.09347157283088725,0.0899100899100899,0.47499670141179573,rule_reversal_frequency,negative,526,,0,-0.0028411149203112496,lfp_ila_gamma_whole_slice_norm,0.04825828360144946,0.693483731458415,no_clear_state_specific_modulation
PL,pl,delta,delta,whole_slice_norm,learning_stage_block,Working,working,state_working_pl_delta_whole_slice_norm,0.0449258332331578,0.0899100899100899,0.47499670141179573,perf_learned,negative,204,,0,0.022463530208301385,lfp_pl_delta_whole_slice_norm,0.00039892153538423347,0.9519594329720912,no_clear_state_specific_modulation
ACAd,acad,gamma,gamma,whole_slice_norm,behavior_all,REM,rem,state_rem_acad_gamma_whole_slice_norm,0.1166202708951869,0.1028971028971029,0.47499670141179573,bias_left,negative,350,,0,0.05005217144015839,lfp_acad_gamma_whole_slice_norm,0.0501643725690859,0.6922878446057255,no_clear_state_specific_modulation
ACAd,acad,theta,theta,whole_slice_norm,behavior_all,Wake,wake,state_wake_acad_theta_whole_slice_norm,0.07908321715117472,0.1028971028971029,0.47499670141179573,rule_reversal_frequency,negative,526,,0,0.039740035290774856,lfp_acad_theta_whole_slice_norm,0.0467817133987819,0.6080517420723607,no_clear_state_specific_modulation
ILA,ila,delta,delta,whole_slice_norm,bias_block,Working,working,state_working_ila_delta_whole_slice_norm,0.044906606287974604,0.1038961038961039,0.47499670141179573,bias_left,positive,204,,0,0.02821493501123251,lfp_ila_delta_whole_slice_norm,0.018031441631991774,0.4827172827172827,no_clear_state_specific_modulation
PL,pl,gamma,gamma,whole_slice_norm,bias_block,REM,rem,state_rem_pl_gamma_whole_slice_norm,0.057693593907391816,0.1108891108891109,0.4827172827172827,bias_left,negative,350,,0,0.020587677491553547,lfp_pl_gamma_whole_slice_norm,0.04266760718141083,0.4827172827172827,no_clear_state_specific_modulation
ACAd,acad,theta,theta,whole_slice_norm,bias_block,REM,rem,state_rem_acad_theta_whole_slice_norm,0.02136194702273131,0.1258741258741259,0.4827172827172827,bias_left,negative,350,,0,0.004306644830235129,lfp_acad_theta_whole_slice_norm,0.0121725958987563,0.6576280861995147,no_clear_state_specific_modulation
PL,pl,theta,theta,whole_slice_norm,behavior_all,Wake,wake,state_wake_pl_theta_whole_slice_norm,0.050707833734567,0.12687312687312688,0.4827172827172827,rule_reversal_frequency,negative,526,,0,0.027470392013312694,lfp_pl_theta_whole_slice_norm,0.022842076522968546,0.6449364588899472,no_clear_state_specific_modulation
ILA,ila,theta,theta,whole_slice_norm,learning_stage_block,Working,working,state_working_ila_theta_whole_slice_norm,0.05544221965875651,0.13586413586413587,0.4827172827172827,perf_learned,negative,204,,0,0.03651769240452296,lfp_ila_theta_whole_slice_norm,0.009124580514318192,0.6922878446057255,no_clear_state_specific_modulation
PL,pl,theta,theta,whole_slice_norm,learning_stage_block,REM,rem,state_rem_pl_theta_whole_slice_norm,0.034283568476800586,0.13986013986013987,0.4827172827172827,perf_intermediate,negative,350,,0,0.016320317557078745,lfp_pl_theta_whole_slice_norm,0.0073402062846947835,0.6597657661487448,no_clear_state_specific_modulation
ACAd,acad,gamma,gamma,whole_slice_norm,learning_stage_block,NREM,nrem,state_nrem_acad_gamma_whole_slice_norm,0.03416303569388601,0.14885114885114886,0.4827172827172827,perf_intermediate,negative,468,,0,0.00741964967480202,lfp_acad_gamma_whole_slice_norm,0.0017845086680620126,0.9508440277671046,no_clear_state_specific_modulation
PL,pl,delta,delta,whole_slice_norm,bias_block,Working,working,state_working_pl_delta_whole_slice_norm,0.03400813575170458,0.14885114885114886,0.4827172827172827,bias_left,positive,204,,0,0.02985097356723332,lfp_pl_delta_whole_slice_norm,0.004319816704206447,0.723666577325114,no_clear_state_specific_modulation
MOs,mos,theta,theta,whole_slice_norm,bias_block,REM,rem,state_rem_mos_theta_whole_slice_norm,0.021170112316378886,0.15784215784215785,0.4950893262581575,bias_left,negative,350,,0,0.011463691140893184,lfp_mos_theta_whole_slice_norm,0.002108361882197096,0.845037315625551,no_clear_state_specific_modulation
ILA,ila,gamma,gamma,whole_slice_norm,rule_block,Working,working,state_working_ila_gamma_whole_slice_norm,0.01935895519721842,0.17782217782217782,0.5268805268805269,rule_reversal_frequency,negative,204,,0,-0.006086270055933651,lfp_ila_gamma_whole_slice_norm,0.00015039509393799388,0.9466395673292225,no_clear_state_specific_modulation
ILA,ila,gamma,gamma,whole_slice_norm,learning_stage_block,REM,rem,state_rem_ila_gamma_whole_slice_norm,0.03847169800774308,0.22377622377622378,0.6034415023179068,perf_learned,positive,350,,0,0.018981377400742572,lfp_ila_gamma_whole_slice_norm,0.01472459065348053,0.6922878446057255,no_clear_state_specific_modulation
PL,pl,delta,delta,whole_slice_norm,rule_block,Working,working,state_working_pl_delta_whole_slice_norm,0.013767852374776512,0.22977022977022976,0.6080517420723607,rule_reversal_frequency,negative,204,,0,0.008912413384431495,lfp_pl_delta_whole_slice_norm,0.00024387776614209766,0.906490769504468,no_clear_state_specific_modulation
MOs,mos,theta,theta,whole_slice_norm,behavior_all,REM,rem,state_rem_mos_theta_whole_slice_norm,0.0439391176198769,0.23876123876123875,0.6080517420723607,perf_learned,positive,350,,0,-0.016386216005582765,lfp_mos_theta_whole_slice_norm,0.024380854043787092,0.6449364588899472,no_clear_state_specific_modulation
PL,pl,delta,delta,whole_slice_norm,behavior_all,Working,working,state_working_pl_delta_whole_slice_norm,0.06154263257860848,0.23976023976023977,0.6080517420723607,perf_learned,negative,204,,0,0.034517356634693575,lfp_pl_delta_whole_slice_norm,0.005333628696166159,0.9423619858402467,no_clear_state_specific_modulation
PL,pl,theta,theta,whole_slice_norm,bias_block,NREM,nrem,state_nrem_pl_theta_whole_slice_norm,0.010431002015811042,0.3156843156843157,0.6386890420503866,bias_left,positive,468,,0,-0.01282951474247529,lfp_pl_theta_whole_slice_norm,0.00950411281898167,0.6386890420503866,no_clear_state_specific_modulation
PL,pl,gamma,gamma,whole_slice_norm,learning_stage_block,Wake,wake,state_wake_pl_gamma_whole_slice_norm,0.030877117633859696,0.3166833166833167,0.6386890420503866,perf_intermediate,negative,526,,0,0.009921296887831943,lfp_pl_gamma_whole_slice_norm,0.014011400905831861,0.7819453273998729,no_clear_state_specific_modulation
MOs,mos,gamma,gamma,whole_slice_norm,behavior_all,REM,rem,state_rem_mos_gamma_whole_slice_norm,0.06276136066726634,0.4565434565434565,0.693483731458415,rule_reversal_frequency,negative,350,,0,0.018324632346074843,lfp_mos_gamma_whole_slice_norm,0.023621828483772145,0.9401951760030363,no_clear_state_specific_modulation
MOs,mos,theta,theta,whole_slice_norm,rule_block,NREM,nrem,state_nrem_mos_theta_whole_slice_norm,0.012512848406086463,0.47652347652347654,0.7147852147852147,rule_reversal_frequency,positive,468,,0,0.007048784251393547,lfp_mos_theta_whole_slice_norm,0.0014292603325807285,0.838558426498125,no_clear_state_specific_modulation
MOs,mos,gamma,gamma,whole_slice_norm,bias_block,Wake,wake,state_wake_mos_gamma_whole_slice_norm,0.013935273457364339,0.5084915084915085,0.7351684460118195,bias_left,negative,526,,0,0.002571899112924103,lfp_mos_gamma_whole_slice_norm,0.00879251379743784,0.8215135118688419,no_clear_state_specific_modulation
MOs,mos,gamma,gamma,whole_slice_norm,rule_block,Wake,wake,state_wake_mos_gamma_whole_slice_norm,0.009736230149421932,0.5184815184815185,0.7451231403327211,rule_reversal_frequency,negative,526,,0,0.0025017605673265386,lfp_mos_gamma_whole_slice_norm,0.004781625205557027,0.8215135118688419,no_clear_state_specific_modulation
MOs,mos,gamma,gamma,whole_slice_norm,learning_stage_block,REM,rem,state_rem_mos_gamma_whole_slice_norm,0.013193978289757102,0.6513486513486514,0.8181509212437048,perf_learned,positive,350,,0,0.006576349417161564,lfp_mos_gamma_whole_slice_norm,0.0022008560688684398,0.9466395673292225,no_clear_state_specific_modulation
ACAd,acad,gamma,gamma,whole_slice_norm,rule_block,NREM,nrem,state_nrem_acad_gamma_whole_slice_norm,0.0024889452200185236,0.6823176823176823,0.8270517361426452,rule_reversal_frequency,negative,468,,0,0.0007441753979645638,lfp_acad_gamma_whole_slice_norm,3.9070965351939435e-09,1.0,no_clear_state_specific_modulation
