target,test_family,behavior_variable,behavior_label,n_obs,spearman_r,effect_size,permutation_p,fdr_q,effect_sign,analysis_family,target_class,natural_state,natural_state_token,channel_group,channel_group_token,band,band_token,feature_scope
state_working_ila_delta_whole_slice_norm,perf_pct_spearman,perf_pct,Performance %,204,-0.4548065885971807,0.4548065885971807,8.279941114746499e-12,7.174776882382108e-10,negative,direct_lfp_continuous_behavior_association,state_lfp,Working,working,ILA,ila,delta,delta,whole_slice_norm
state_working_ila_theta_whole_slice_norm,perf_pct_spearman,perf_pct,Performance %,204,-0.45167400806328495,0.45167400806328495,1.1957961470636847e-11,7.174776882382108e-10,negative,direct_lfp_continuous_behavior_association,state_lfp,Working,working,ILA,ila,theta,theta,whole_slice_norm
state_nrem_pl_gamma_whole_slice_norm,bias_score_spearman,bias_score,Bias score,468,0.29716422058583336,0.29716422058583336,5.372657674171955e-11,2.149063069668782e-09,positive,direct_lfp_continuous_behavior_association,state_lfp,NREM,nrem,PL,pl,gamma,gamma,whole_slice_norm
state_working_mos_delta_whole_slice_norm,perf_pct_spearman,perf_pct,Performance %,204,-0.42819661749156074,0.42819661749156074,1.673296211378874e-10,5.019888634136622e-09,negative,direct_lfp_continuous_behavior_association,state_lfp,Working,working,MOs,mos,delta,delta,whole_slice_norm
lfp_pl_gamma_whole_slice_norm,bias_score_spearman,bias_score,Bias score,526,0.21236629469678975,0.21236629469678975,8.871836121493696e-07,2.0505818564455236e-05,positive,direct_lfp_continuous_behavior_association,global_lfp,global,global,PL,pl,gamma,gamma,whole_slice_norm
state_working_mos_delta_whole_slice_norm,bias_score_spearman,bias_score,Bias score,204,-0.33429836415965986,0.33429836415965986,1.0252909282227617e-06,2.0505818564455236e-05,negative,direct_lfp_continuous_behavior_association,state_lfp,Working,working,MOs,mos,delta,delta,whole_slice_norm
state_rem_pl_gamma_whole_slice_norm,bias_score_spearman,bias_score,Bias score,350,0.25104722905195964,0.25104722905195964,1.9722534767792643e-06,3.0435505340234684e-05,positive,direct_lfp_continuous_behavior_association,state_lfp,REM,rem,PL,pl,gamma,gamma,whole_slice_norm
state_working_pl_delta_whole_slice_norm,perf_pct_spearman,perf_pct,Performance %,204,-0.32549999717276124,0.32549999717276124,2.029033689348979e-06,3.0435505340234684e-05,negative,direct_lfp_continuous_behavior_association,state_lfp,Working,working,PL,pl,delta,delta,whole_slice_norm
state_nrem_ila_gamma_whole_slice_norm,bias_score_spearman,bias_score,Bias score,468,0.21349533305293758,0.21349533305293758,3.1606437028666987e-06,4.214191603822265e-05,positive,direct_lfp_continuous_behavior_association,state_lfp,NREM,nrem,ILA,ila,gamma,gamma,whole_slice_norm
state_working_ila_delta_whole_slice_norm,bias_score_spearman,bias_score,Bias score,204,-0.3176628913605239,0.3176628913605239,3.66131578684838e-06,4.393578944218056e-05,negative,direct_lfp_continuous_behavior_association,state_lfp,Working,working,ILA,ila,delta,delta,whole_slice_norm
state_working_ila_theta_whole_slice_norm,bias_score_spearman,bias_score,Bias score,204,-0.30278030658577,0.30278030658577,1.0737668546848084e-05,0.00011713820232925181,negative,direct_lfp_continuous_behavior_association,state_lfp,Working,working,ILA,ila,theta,theta,whole_slice_norm
state_wake_mos_delta_whole_slice_norm,perf_pct_spearman,perf_pct,Performance %,526,-0.1894039068197748,0.1894039068197748,1.224208067068221e-05,0.0001224208067068221,negative,direct_lfp_continuous_behavior_association,state_lfp,Wake,wake,MOs,mos,delta,delta,whole_slice_norm
state_working_pl_theta_whole_slice_norm,perf_pct_spearman,perf_pct,Performance %,204,-0.29503367241350065,0.29503367241350065,1.8375016691123025e-05,0.00016961553868728946,negative,direct_lfp_continuous_behavior_association,state_lfp,Working,working,PL,pl,theta,theta,whole_slice_norm
state_nrem_ila_theta_whole_slice_norm,bias_score_spearman,bias_score,Bias score,468,-0.19403382503731165,0.19403382503731165,2.372455381517713e-05,0.00020335331841580398,negative,direct_lfp_continuous_behavior_association,state_lfp,NREM,nrem,ILA,ila,theta,theta,whole_slice_norm
state_rem_ila_gamma_whole_slice_norm,bias_score_spearman,bias_score,Bias score,350,0.21814539972421765,0.21814539972421765,3.8515903223702e-05,0.00030717995211833966,positive,direct_lfp_continuous_behavior_association,state_lfp,REM,rem,ILA,ila,gamma,gamma,whole_slice_norm
state_nrem_acad_delta_whole_slice_norm,bias_score_spearman,bias_score,Bias score,468,-0.1884184603144569,0.1884184603144569,4.095732694911196e-05,0.00030717995211833966,negative,direct_lfp_continuous_behavior_association,state_lfp,NREM,nrem,ACAd,acad,delta,delta,whole_slice_norm
state_wake_acad_theta_whole_slice_norm,perf_pct_spearman,perf_pct,Performance %,526,-0.1744568788003559,0.1744568788003559,5.758780258814842e-05,0.0004065021359163418,negative,direct_lfp_continuous_behavior_association,state_lfp,Wake,wake,ACAd,acad,theta,theta,whole_slice_norm
lfp_ila_theta_whole_slice_norm,bias_score_spearman,bias_score,Bias score,526,-0.16772677399503763,0.16772677399503763,0.0001110783724439632,0.0007320964171192998,negative,direct_lfp_continuous_behavior_association,global_lfp,global,global,ILA,ila,theta,theta,whole_slice_norm
state_nrem_ila_delta_whole_slice_norm,bias_score_spearman,bias_score,Bias score,468,-0.1772406574025435,0.1772406574025435,0.00011591526604388914,0.0007320964171192998,negative,direct_lfp_continuous_behavior_association,state_lfp,NREM,nrem,ILA,ila,delta,delta,whole_slice_norm
state_wake_pl_gamma_whole_slice_norm,bias_score_spearman,bias_score,Bias score,526,0.16416560143617237,0.16416560143617237,0.0001556874591896598,0.0009341247551379588,positive,direct_lfp_continuous_behavior_association,state_lfp,Wake,wake,PL,pl,gamma,gamma,whole_slice_norm
state_nrem_ila_delta_whole_slice_norm,perf_pct_spearman,perf_pct,Performance %,468,-0.1730402578000277,0.1730402578000277,0.00016866963716227626,0.0009638264980701501,negative,direct_lfp_continuous_behavior_association,state_lfp,NREM,nrem,ILA,ila,delta,delta,whole_slice_norm
state_working_acad_delta_whole_slice_norm,perf_pct_spearman,perf_pct,Performance %,204,-0.25286257923336597,0.25286257923336597,0.000263380400620668,0.0014366203670218255,negative,direct_lfp_continuous_behavior_association,state_lfp,Working,working,ACAd,acad,delta,delta,whole_slice_norm
state_working_acad_delta_whole_slice_norm,bias_score_spearman,bias_score,Bias score,204,-0.2488818270747692,0.2488818270747692,0.00033125090300893466,0.0017282655809161807,negative,direct_lfp_continuous_behavior_association,state_lfp,Working,working,ACAd,acad,delta,delta,whole_slice_norm
state_working_pl_gamma_whole_slice_norm,perf_pct_spearman,perf_pct,Performance %,204,-0.2367360094090506,0.2367360094090506,0.0006518260249798497,0.0032591301248992483,negative,direct_lfp_continuous_behavior_association,state_lfp,Working,working,PL,pl,gamma,gamma,whole_slice_norm
state_working_mos_gamma_whole_slice_norm,bias_score_spearman,bias_score,Bias score,204,-0.23386353484006314,0.23386353484006314,0.0007612286388472862,0.0036538974664669737,negative,direct_lfp_continuous_behavior_association,state_lfp,Working,working,MOs,mos,gamma,gamma,whole_slice_norm
state_wake_pl_gamma_whole_slice_norm,perf_pct_spearman,perf_pct,Performance %,526,-0.14581640828478706,0.14581640828478706,0.0007958256689650041,0.0036730415490692494,negative,direct_lfp_continuous_behavior_association,state_lfp,Wake,wake,PL,pl,gamma,gamma,whole_slice_norm
state_nrem_acad_delta_whole_slice_norm,perf_pct_spearman,perf_pct,Performance %,468,-0.15302606562617602,0.15302606562617602,0.0008963511728905803,0.003983782990624802,negative,direct_lfp_continuous_behavior_association,state_lfp,NREM,nrem,ACAd,acad,delta,delta,whole_slice_norm
state_working_acad_gamma_whole_slice_norm,bias_score_spearman,bias_score,Bias score,204,-0.2299393274564464,0.2299393274564464,0.0009381276520867898,0.004020547080371957,negative,direct_lfp_continuous_behavior_association,state_lfp,Working,working,ACAd,acad,gamma,gamma,whole_slice_norm
state_wake_mos_delta_whole_slice_norm,bias_score_spearman,bias_score,Bias score,526,-0.13871616585917732,0.13871616585917732,0.0014263003408286497,0.005622862240268111,negative,direct_lfp_continuous_behavior_association,state_lfp,Wake,wake,MOs,mos,delta,delta,whole_slice_norm
state_wake_ila_theta_whole_slice_norm,bias_score_spearman,bias_score,Bias score,526,-0.13860235348930158,0.13860235348930158,0.001439393320019164,0.005622862240268111,negative,direct_lfp_continuous_behavior_association,state_lfp,Wake,wake,ILA,ila,theta,theta,whole_slice_norm
state_rem_ila_delta_whole_slice_norm,perf_pct_spearman,perf_pct,Performance %,350,-0.1695642473053348,0.1695642473053348,0.0014525727454025954,0.005622862240268111,negative,direct_lfp_continuous_behavior_association,state_lfp,REM,rem,ILA,ila,delta,delta,whole_slice_norm
state_nrem_mos_theta_whole_slice_norm,perf_pct_spearman,perf_pct,Performance %,468,0.14534188232121684,0.14534188232121684,0.0016183836559128199,0.006068938709673075,positive,direct_lfp_continuous_behavior_association,state_lfp,NREM,nrem,MOs,mos,theta,theta,whole_slice_norm
state_working_acad_theta_whole_slice_norm,bias_score_spearman,bias_score,Bias score,204,-0.21506805163668852,0.21506805163668852,0.00200735928141164,0.007299488296042327,negative,direct_lfp_continuous_behavior_association,state_lfp,Working,working,ACAd,acad,theta,theta,whole_slice_norm
state_working_acad_theta_whole_slice_norm,perf_pct_spearman,perf_pct,Performance %,204,-0.2104087621783309,0.2104087621783309,0.002522240764659267,0.008902026228209178,negative,direct_lfp_continuous_behavior_association,state_lfp,Working,working,ACAd,acad,theta,theta,whole_slice_norm
state_nrem_ila_theta_whole_slice_norm,perf_pct_spearman,perf_pct,Performance %,468,-0.13760477248246145,0.13760477248246145,0.002853557618235675,0.00978362611966517,negative,direct_lfp_continuous_behavior_association,state_lfp,NREM,nrem,ILA,ila,theta,theta,whole_slice_norm
state_wake_ila_theta_whole_slice_norm,perf_pct_spearman,perf_pct,Performance %,526,-0.12843907380486236,0.12843907380486236,0.00316815107969791,0.010560503598993033,negative,direct_lfp_continuous_behavior_association,state_lfp,Wake,wake,ILA,ila,theta,theta,whole_slice_norm
lfp_ila_theta_whole_slice_norm,perf_pct_spearman,perf_pct,Performance %,526,-0.12477167636744638,0.12477167636744638,0.00415695320292413,0.013482010387862045,negative,direct_lfp_continuous_behavior_association,global_lfp,global,global,ILA,ila,theta,theta,whole_slice_norm
state_nrem_acad_theta_whole_slice_norm,bias_score_spearman,bias_score,Bias score,468,-0.1317406998884051,0.1317406998884051,0.004306151555366242,0.0135983733327355,negative,direct_lfp_continuous_behavior_association,state_lfp,NREM,nrem,ACAd,acad,theta,theta,whole_slice_norm
state_rem_pl_theta_whole_slice_norm,bias_score_spearman,bias_score,Bias score,350,0.15111884121761388,0.15111884121761388,0.00460628953340265,0.014173198564315844,positive,direct_lfp_continuous_behavior_association,state_lfp,REM,rem,PL,pl,theta,theta,whole_slice_norm
state_working_pl_theta_whole_slice_norm,bias_score_spearman,bias_score,Bias score,204,-0.19295904461948196,0.19295904461948196,0.005690435749253277,0.01707130724775983,negative,direct_lfp_continuous_behavior_association,state_lfp,Working,working,PL,pl,theta,theta,whole_slice_norm
state_rem_mos_theta_whole_slice_norm,perf_pct_spearman,perf_pct,Performance %,350,0.1466942282947443,0.1466942282947443,0.005969186757996019,0.01747079051120786,positive,direct_lfp_continuous_behavior_association,state_lfp,REM,rem,MOs,mos,theta,theta,whole_slice_norm
state_nrem_mos_gamma_whole_slice_norm,perf_pct_spearman,perf_pct,Performance %,468,0.12211603313638714,0.12211603313638714,0.008178431207843855,0.0233669463081253,positive,direct_lfp_continuous_behavior_association,state_lfp,NREM,nrem,MOs,mos,gamma,gamma,whole_slice_norm
lfp_ila_delta_whole_slice_norm,bias_score_spearman,bias_score,Bias score,526,-0.11467701399585979,0.11467701399585979,0.0084755415751795,0.02365267416329163,negative,direct_lfp_continuous_behavior_association,global_lfp,global,global,ILA,ila,delta,delta,whole_slice_norm
state_wake_ila_gamma_whole_slice_norm,perf_pct_spearman,perf_pct,Performance %,526,-0.11374804114493206,0.11374804114493206,0.00902649646711951,0.024617717637598666,negative,direct_lfp_continuous_behavior_association,state_lfp,Wake,wake,ILA,ila,gamma,gamma,whole_slice_norm
state_working_mos_theta_whole_slice_norm,perf_pct_spearman,perf_pct,Performance %,204,-0.1789359404244251,0.1789359404244251,0.010445772417541478,0.02766053970106502,negative,direct_lfp_continuous_behavior_association,state_lfp,Working,working,MOs,mos,theta,theta,whole_slice_norm
lfp_ila_gamma_whole_slice_norm,bias_score_spearman,bias_score,Bias score,526,0.11134379606767314,0.11134379606767314,0.010603206885408258,0.02766053970106502,positive,direct_lfp_continuous_behavior_association,global_lfp,global,global,ILA,ila,gamma,gamma,whole_slice_norm
state_working_pl_delta_whole_slice_norm,bias_score_spearman,bias_score,Bias score,204,-0.17702472703009878,0.17702472703009878,0.011311710806637914,0.028880963761628714,negative,direct_lfp_continuous_behavior_association,state_lfp,Working,working,PL,pl,delta,delta,whole_slice_norm
lfp_acad_theta_whole_slice_norm,perf_pct_spearman,perf_pct,Performance %,526,-0.10979396849180012,0.10979396849180012,0.011744764409757637,0.029361911024394092,negative,direct_lfp_continuous_behavior_association,global_lfp,global,global,ACAd,acad,theta,theta,whole_slice_norm
state_nrem_acad_theta_whole_slice_norm,perf_pct_spearman,perf_pct,Performance %,468,-0.11563979258063495,0.11563979258063495,0.012301174837731516,0.030125326133220037,negative,direct_lfp_continuous_behavior_association,state_lfp,NREM,nrem,ACAd,acad,theta,theta,whole_slice_norm
state_working_ila_gamma_whole_slice_norm,perf_pct_spearman,perf_pct,Performance %,204,-0.1692102391278534,0.1692102391278534,0.015544970365606058,0.03730792887745454,negative,direct_lfp_continuous_behavior_association,state_lfp,Working,working,ILA,ila,gamma,gamma,whole_slice_norm
state_nrem_mos_delta_whole_slice_norm,bias_score_spearman,bias_score,Bias score,468,-0.1074047986230711,0.1074047986230711,0.020123687341824736,0.04734985256899938,negative,direct_lfp_continuous_behavior_association,state_lfp,NREM,nrem,MOs,mos,delta,delta,whole_slice_norm
state_wake_mos_gamma_whole_slice_norm,perf_pct_spearman,perf_pct,Performance %,526,-0.09985138583764167,0.09985138583764167,0.02200167897797084,0.050773105333778865,negative,direct_lfp_continuous_behavior_association,state_lfp,Wake,wake,MOs,mos,gamma,gamma,whole_slice_norm
state_working_mos_gamma_whole_slice_norm,perf_pct_spearman,perf_pct,Performance %,204,-0.1574036901120152,0.1574036901120152,0.024551072985687632,0.05558733506193426,negative,direct_lfp_continuous_behavior_association,state_lfp,Working,working,MOs,mos,gamma,gamma,whole_slice_norm
state_nrem_acad_gamma_whole_slice_norm,bias_score_spearman,bias_score,Bias score,468,0.10326481957683595,0.10326481957683595,0.025485657759371474,0.0566347950208255,positive,direct_lfp_continuous_behavior_association,state_lfp,NREM,nrem,ACAd,acad,gamma,gamma,whole_slice_norm
state_wake_ila_delta_whole_slice_norm,bias_score_spearman,bias_score,Bias score,526,-0.09695131469683717,0.09695131469683717,0.0261821938217633,0.057124786520210837,negative,direct_lfp_continuous_behavior_association,state_lfp,Wake,wake,ILA,ila,delta,delta,whole_slice_norm
state_rem_acad_delta_whole_slice_norm,perf_pct_spearman,perf_pct,Performance %,350,-0.11512840585563383,0.11512840585563383,0.03129392755322862,0.0670584161854899,negative,direct_lfp_continuous_behavior_association,state_lfp,REM,rem,ACAd,acad,delta,delta,whole_slice_norm
state_working_pl_gamma_whole_slice_norm,bias_score_spearman,bias_score,Bias score,204,-0.14957789325477383,0.14957789325477383,0.03273657192056745,0.06841651251234393,negative,direct_lfp_continuous_behavior_association,state_lfp,Working,working,PL,pl,gamma,gamma,whole_slice_norm
lfp_pl_gamma_whole_slice_norm,perf_pct_spearman,perf_pct,Performance %,526,-0.09294709862277448,0.09294709862277448,0.0330679810476329,0.06841651251234393,negative,direct_lfp_continuous_behavior_association,global_lfp,global,global,PL,pl,gamma,gamma,whole_slice_norm
state_working_ila_gamma_whole_slice_norm,bias_score_spearman,bias_score,Bias score,204,-0.14379901725181088,0.14379901725181088,0.04017775244500326,0.08171746260000663,negative,direct_lfp_continuous_behavior_association,state_lfp,Working,working,ILA,ila,gamma,gamma,whole_slice_norm
lfp_ila_delta_whole_slice_norm,perf_pct_spearman,perf_pct,Performance %,526,-0.08678209697570878,0.08678209697570878,0.046663708907176984,0.09332741781435397,negative,direct_lfp_continuous_behavior_association,global_lfp,global,global,ILA,ila,delta,delta,whole_slice_norm
state_rem_pl_delta_whole_slice_norm,bias_score_spearman,bias_score,Bias score,350,0.10580211468335894,0.10580211468335894,0.04794562655716793,0.09431926535836313,positive,direct_lfp_continuous_behavior_association,state_lfp,REM,rem,PL,pl,delta,delta,whole_slice_norm
state_wake_acad_gamma_whole_slice_norm,perf_pct_spearman,perf_pct,Performance %,526,-0.08198119431251596,0.08198119431251596,0.06025761767280307,0.1166276471086511,negative,direct_lfp_continuous_behavior_association,state_lfp,Wake,wake,ACAd,acad,gamma,gamma,whole_slice_norm
state_rem_ila_theta_whole_slice_norm,perf_pct_spearman,perf_pct,Performance %,350,-0.09824634060322704,0.09824634060322704,0.06637402833453335,0.12596771235958756,negative,direct_lfp_continuous_behavior_association,state_lfp,REM,rem,ILA,ila,theta,theta,whole_slice_norm
state_wake_acad_theta_whole_slice_norm,bias_score_spearman,bias_score,Bias score,526,-0.07987385106971547,0.07987385106971547,0.06718277992511337,0.12596771235958756,negative,direct_lfp_continuous_behavior_association,state_lfp,Wake,wake,ACAd,acad,theta,theta,whole_slice_norm
state_wake_ila_delta_whole_slice_norm,perf_pct_spearman,perf_pct,Performance %,526,-0.07912796768337045,0.07912796768337045,0.06978525068639482,0.12883430895949816,negative,direct_lfp_continuous_behavior_association,state_lfp,Wake,wake,ILA,ila,delta,delta,whole_slice_norm
state_wake_pl_delta_whole_slice_norm,perf_pct_spearman,perf_pct,Performance %,526,0.07395032958134261,0.07395032958134261,0.09020573539684958,0.16401042799427196,positive,direct_lfp_continuous_behavior_association,state_lfp,Wake,wake,PL,pl,delta,delta,whole_slice_norm
state_rem_acad_gamma_whole_slice_norm,perf_pct_spearman,perf_pct,Performance %,350,-0.08994025251187704,0.08994025251187704,0.09295436894176863,0.1664854369106304,negative,direct_lfp_continuous_behavior_association,state_lfp,REM,rem,ACAd,acad,gamma,gamma,whole_slice_norm
state_wake_acad_gamma_whole_slice_norm,bias_score_spearman,bias_score,Bias score,526,0.06641694036835072,0.06641694036835072,0.12818251254700375,0.22462677516401175,positive,direct_lfp_continuous_behavior_association,state_lfp,Wake,wake,ACAd,acad,gamma,gamma,whole_slice_norm
state_wake_ila_gamma_whole_slice_norm,bias_score_spearman,bias_score,Bias score,526,0.0657950959706239,0.0657950959706239,0.13180207059937538,0.22462677516401175,positive,direct_lfp_continuous_behavior_association,state_lfp,Wake,wake,ILA,ila,gamma,gamma,whole_slice_norm
state_wake_mos_theta_whole_slice_norm,perf_pct_spearman,perf_pct,Performance %,526,-0.06570041727452437,0.06570041727452437,0.13236002582421752,0.22462677516401175,negative,direct_lfp_continuous_behavior_association,state_lfp,Wake,wake,MOs,mos,theta,theta,whole_slice_norm
lfp_ila_gamma_whole_slice_norm,perf_pct_spearman,perf_pct,Performance %,526,-0.06560837770584227,0.06560837770584227,0.13290417530537363,0.22462677516401175,negative,direct_lfp_continuous_behavior_association,global_lfp,global,global,ILA,ila,gamma,gamma,whole_slice_norm
lfp_mos_theta_whole_slice_norm,bias_score_spearman,bias_score,Bias score,526,0.06397574750724808,0.06397574750724808,0.1428460127332795,0.23807668788879915,positive,direct_lfp_continuous_behavior_association,global_lfp,global,global,MOs,mos,theta,theta,whole_slice_norm
state_nrem_acad_gamma_whole_slice_norm,perf_pct_spearman,perf_pct,Performance %,468,-0.06375914329742066,0.06375914329742066,0.16850175320314675,0.2769891833476385,negative,direct_lfp_continuous_behavior_association,state_lfp,NREM,nrem,ACAd,acad,gamma,gamma,whole_slice_norm
lfp_mos_delta_whole_slice_norm,bias_score_spearman,bias_score,Bias score,526,-0.05859324713944394,0.05859324713944394,0.17966930315160357,0.2913556267323301,negative,direct_lfp_continuous_behavior_association,global_lfp,global,global,MOs,mos,delta,delta,whole_slice_norm
lfp_acad_gamma_whole_slice_norm,bias_score_spearman,bias_score,Bias score,526,0.05725125084769183,0.05725125084769183,0.18986067410026217,0.30377707856041947,positive,direct_lfp_continuous_behavior_association,global_lfp,global,global,ACAd,acad,gamma,gamma,whole_slice_norm
lfp_mos_theta_whole_slice_norm,perf_pct_spearman,perf_pct,Performance %,526,0.054376581308279874,0.054376581308279874,0.2131080730297045,0.3364864310995334,positive,direct_lfp_continuous_behavior_association,global_lfp,global,global,MOs,mos,theta,theta,whole_slice_norm
state_rem_pl_gamma_whole_slice_norm,perf_pct_spearman,perf_pct,Performance %,350,-0.062487718674563604,0.062487718674563604,0.24361608386440525,0.3791483432980466,negative,direct_lfp_continuous_behavior_association,state_lfp,REM,rem,PL,pl,gamma,gamma,whole_slice_norm
state_rem_acad_theta_whole_slice_norm,perf_pct_spearman,perf_pct,Performance %,350,-0.06211480141227163,0.06211480141227163,0.24644642314373028,0.3791483432980466,negative,direct_lfp_continuous_behavior_association,state_lfp,REM,rem,ACAd,acad,theta,theta,whole_slice_norm
state_working_acad_gamma_whole_slice_norm,perf_pct_spearman,perf_pct,Performance %,204,-0.07937190063952142,0.07937190063952142,0.25912033387425687,0.3906678203205686,negative,direct_lfp_continuous_behavior_association,state_lfp,Working,working,ACAd,acad,gamma,gamma,whole_slice_norm
lfp_mos_delta_whole_slice_norm,perf_pct_spearman,perf_pct,Performance %,526,-0.04915440793108327,0.04915440793108327,0.26044521354704575,0.3906678203205686,negative,direct_lfp_continuous_behavior_association,global_lfp,global,global,MOs,mos,delta,delta,whole_slice_norm
lfp_acad_gamma_whole_slice_norm,perf_pct_spearman,perf_pct,Performance %,526,-0.048668148704425804,0.048668148704425804,0.26519606311003247,0.3928830564593074,negative,direct_lfp_continuous_behavior_association,global_lfp,global,global,ACAd,acad,gamma,gamma,whole_slice_norm
state_wake_pl_theta_whole_slice_norm,perf_pct_spearman,perf_pct,Performance %,526,-0.048196404678564064,0.048196404678564064,0.26986166406844464,0.3940782311413245,negative,direct_lfp_continuous_behavior_association,state_lfp,Wake,wake,PL,pl,theta,theta,whole_slice_norm
lfp_pl_theta_whole_slice_norm,bias_score_spearman,bias_score,Bias score,526,-0.04756994180785679,0.04756994180785679,0.2761437737317864,0.3940782311413245,negative,direct_lfp_continuous_behavior_association,global_lfp,global,global,PL,pl,theta,theta,whole_slice_norm
state_rem_mos_gamma_whole_slice_norm,perf_pct_spearman,perf_pct,Performance %,350,0.05804294806184039,0.05804294806184039,0.2788471410531789,0.3940782311413245,positive,direct_lfp_continuous_behavior_association,state_lfp,REM,rem,MOs,mos,gamma,gamma,whole_slice_norm
lfp_acad_delta_whole_slice_norm,bias_score_spearman,bias_score,Bias score,526,-0.047274689428034235,0.047274689428034235,0.27913874705843816,0.3940782311413245,negative,direct_lfp_continuous_behavior_association,global_lfp,global,global,ACAd,acad,delta,delta,whole_slice_norm
lfp_acad_theta_whole_slice_norm,bias_score_spearman,bias_score,Bias score,526,-0.04315534142038711,0.04315534142038711,0.323221225077833,0.4491496964796577,negative,direct_lfp_continuous_behavior_association,global_lfp,global,global,ACAd,acad,theta,theta,whole_slice_norm
lfp_pl_delta_whole_slice_norm,perf_pct_spearman,perf_pct,Performance %,526,0.04294091231772269,0.04294091231772269,0.32563352994775185,0.4491496964796577,positive,direct_lfp_continuous_behavior_association,global_lfp,global,global,PL,pl,delta,delta,whole_slice_norm
state_rem_mos_theta_whole_slice_norm,bias_score_spearman,bias_score,Bias score,350,0.04968646574585635,0.04968646574585635,0.35403250035878653,0.48277159139834525,positive,direct_lfp_continuous_behavior_association,state_lfp,REM,rem,MOs,mos,theta,theta,whole_slice_norm
state_nrem_ila_gamma_whole_slice_norm,perf_pct_spearman,perf_pct,Performance %,468,0.04194029683404028,0.04194029683404028,0.3653174046331523,0.49256279276380094,positive,direct_lfp_continuous_behavior_association,state_lfp,NREM,nrem,ILA,ila,gamma,gamma,whole_slice_norm
state_wake_pl_delta_whole_slice_norm,bias_score_spearman,bias_score,Bias score,526,0.03915013567354289,0.03915013567354289,0.3701973919031297,0.4935965225375063,positive,direct_lfp_continuous_behavior_association,state_lfp,Wake,wake,PL,pl,delta,delta,whole_slice_norm
state_rem_pl_theta_whole_slice_norm,perf_pct_spearman,perf_pct,Performance %,350,-0.047149956439275824,0.047149956439275824,0.37916893767263227,0.5000029947331415,negative,direct_lfp_continuous_behavior_association,state_lfp,REM,rem,PL,pl,theta,theta,whole_slice_norm
lfp_pl_theta_whole_slice_norm,perf_pct_spearman,perf_pct,Performance %,526,-0.03779395407192222,0.03779395407192222,0.3870170698126495,0.5048048736686733,negative,direct_lfp_continuous_behavior_association,global_lfp,global,global,PL,pl,theta,theta,whole_slice_norm
state_wake_pl_theta_whole_slice_norm,bias_score_spearman,bias_score,Bias score,526,-0.03646944199931045,0.03646944199931045,0.403884850055495,0.5211417420070903,negative,direct_lfp_continuous_behavior_association,state_lfp,Wake,wake,PL,pl,theta,theta,whole_slice_norm
state_nrem_mos_theta_whole_slice_norm,bias_score_spearman,bias_score,Bias score,468,0.03639846720681384,0.03639846720681384,0.4321171961666237,0.5516389738297324,positive,direct_lfp_continuous_behavior_association,state_lfp,NREM,nrem,MOs,mos,theta,theta,whole_slice_norm
state_rem_mos_gamma_whole_slice_norm,bias_score_spearman,bias_score,Bias score,350,-0.03962553876558288,0.03962553876558288,0.45992869153667726,0.579042627058404,negative,direct_lfp_continuous_behavior_association,state_lfp,REM,rem,MOs,mos,gamma,gamma,whole_slice_norm
lfp_mos_gamma_whole_slice_norm,perf_pct_spearman,perf_pct,Performance %,526,-0.03205154270256902,0.03205154270256902,0.4632341016467232,0.579042627058404,negative,direct_lfp_continuous_behavior_association,global_lfp,global,global,MOs,mos,gamma,gamma,whole_slice_norm
state_rem_ila_theta_whole_slice_norm,bias_score_spearman,bias_score,Bias score,350,-0.036543651961296074,0.036543651961296074,0.49558611104366124,0.6130962198478284,negative,direct_lfp_continuous_behavior_association,state_lfp,REM,rem,ILA,ila,theta,theta,whole_slice_norm
state_rem_pl_delta_whole_slice_norm,perf_pct_spearman,perf_pct,Performance %,350,-0.034125849050520206,0.034125849050520206,0.5245563619879627,0.6423139126383217,negative,direct_lfp_continuous_behavior_association,state_lfp,REM,rem,PL,pl,delta,delta,whole_slice_norm
state_nrem_pl_delta_whole_slice_norm,perf_pct_spearman,perf_pct,Performance %,468,0.025597238924742423,0.025597238924742423,0.5806999521973946,0.7038787299362359,positive,direct_lfp_continuous_behavior_association,state_lfp,NREM,nrem,PL,pl,delta,delta,whole_slice_norm
state_rem_acad_gamma_whole_slice_norm,bias_score_spearman,bias_score,Bias score,350,0.028132295934043844,0.028132295934043844,0.5999112602365924,0.7198935122839109,positive,direct_lfp_continuous_behavior_association,state_lfp,REM,rem,ACAd,acad,gamma,gamma,whole_slice_norm
state_nrem_pl_delta_whole_slice_norm,bias_score_spearman,bias_score,Bias score,468,0.02125632640064382,0.02125632640064382,0.6464734984290703,0.7680873248662221,positive,direct_lfp_continuous_behavior_association,state_lfp,NREM,nrem,PL,pl,delta,delta,whole_slice_norm
state_nrem_mos_delta_whole_slice_norm,perf_pct_spearman,perf_pct,Performance %,468,-0.020422616399252417,0.020422616399252417,0.6594495946099026,0.7697675248511303,negative,direct_lfp_continuous_behavior_association,state_lfp,NREM,nrem,MOs,mos,delta,delta,whole_slice_norm
lfp_acad_delta_whole_slice_norm,perf_pct_spearman,perf_pct,Performance %,526,-0.019181837851577618,0.019181837851577618,0.6607171254972202,0.7697675248511303,negative,direct_lfp_continuous_behavior_association,global_lfp,global,global,ACAd,acad,delta,delta,whole_slice_norm
state_nrem_pl_theta_whole_slice_norm,perf_pct_spearman,perf_pct,Performance %,468,0.018859644334846177,0.018859644334846177,0.6840508753314273,0.7892894715362622,positive,direct_lfp_continuous_behavior_association,state_lfp,NREM,nrem,PL,pl,theta,theta,whole_slice_norm
state_nrem_pl_theta_whole_slice_norm,bias_score_spearman,bias_score,Bias score,468,-0.015893884936638108,0.015893884936638108,0.7316440002702218,0.8305163242611489,negative,direct_lfp_continuous_behavior_association,state_lfp,NREM,nrem,PL,pl,theta,theta,whole_slice_norm
state_wake_mos_gamma_whole_slice_norm,bias_score_spearman,bias_score,Bias score,526,0.014872802560804272,0.014872802560804272,0.7336227530973481,0.8305163242611489,positive,direct_lfp_continuous_behavior_association,state_lfp,Wake,wake,MOs,mos,gamma,gamma,whole_slice_norm
state_wake_acad_delta_whole_slice_norm,bias_score_spearman,bias_score,Bias score,526,0.012866735832646815,0.012866735832646815,0.7684486415089198,0.8610131993720089,positive,direct_lfp_continuous_behavior_association,state_lfp,Wake,wake,ACAd,acad,delta,delta,whole_slice_norm
state_nrem_mos_gamma_whole_slice_norm,bias_score_spearman,bias_score,Bias score,468,-0.013253178763691637,0.013253178763691637,0.774911879434808,0.8610131993720089,negative,direct_lfp_continuous_behavior_association,state_lfp,NREM,nrem,MOs,mos,gamma,gamma,whole_slice_norm
state_working_mos_theta_whole_slice_norm,bias_score_spearman,bias_score,Bias score,204,-0.017410136216362927,0.017410136216362927,0.8047865567084195,0.8860035486698196,negative,direct_lfp_continuous_behavior_association,state_lfp,Working,working,MOs,mos,theta,theta,whole_slice_norm
state_rem_acad_theta_whole_slice_norm,bias_score_spearman,bias_score,Bias score,350,0.008271372069935426,0.008271372069935426,0.8774581329420897,0.9420057960152021,positive,direct_lfp_continuous_behavior_association,state_lfp,REM,rem,ACAd,acad,theta,theta,whole_slice_norm
state_rem_ila_gamma_whole_slice_norm,perf_pct_spearman,perf_pct,Performance %,350,-0.008104511192813793,0.008104511192813793,0.8799113432544883,0.9420057960152021,negative,direct_lfp_continuous_behavior_association,state_lfp,REM,rem,ILA,ila,gamma,gamma,whole_slice_norm
state_rem_acad_delta_whole_slice_norm,bias_score_spearman,bias_score,Bias score,350,0.008035079149984657,0.008035079149984657,0.8809324817950848,0.9420057960152021,positive,direct_lfp_continuous_behavior_association,state_lfp,REM,rem,ACAd,acad,delta,delta,whole_slice_norm
lfp_pl_delta_whole_slice_norm,bias_score_spearman,bias_score,Bias score,526,0.0062075575766714144,0.0062075575766714144,0.8870554579143153,0.9420057960152021,positive,direct_lfp_continuous_behavior_association,global_lfp,global,global,PL,pl,delta,delta,whole_slice_norm
state_rem_ila_delta_whole_slice_norm,bias_score_spearman,bias_score,Bias score,350,-0.006526612025938757,0.006526612025938757,0.9031633588057992,0.9506982724271571,negative,direct_lfp_continuous_behavior_association,state_lfp,REM,rem,ILA,ila,delta,delta,whole_slice_norm
state_rem_mos_delta_whole_slice_norm,bias_score_spearman,bias_score,Bias score,350,0.005621755725842924,0.005621755725842924,0.9165360898274986,0.9563854850373897,positive,direct_lfp_continuous_behavior_association,state_lfp,REM,rem,MOs,mos,delta,delta,whole_slice_norm
state_wake_mos_theta_whole_slice_norm,bias_score_spearman,bias_score,Bias score,526,0.003248765850829573,0.003248765850829573,0.9407459180586915,0.9657259667485355,positive,direct_lfp_continuous_behavior_association,state_lfp,Wake,wake,MOs,mos,theta,theta,whole_slice_norm
lfp_mos_gamma_whole_slice_norm,bias_score_spearman,bias_score,Bias score,526,-0.0030119041651171814,0.0030119041651171814,0.9450589439162549,0.9657259667485355,negative,direct_lfp_continuous_behavior_association,global_lfp,global,global,MOs,mos,gamma,gamma,whole_slice_norm
state_rem_mos_delta_whole_slice_norm,perf_pct_spearman,perf_pct,Performance %,350,0.003388731638725236,0.003388731638725236,0.9496305339693933,0.9657259667485355,positive,direct_lfp_continuous_behavior_association,state_lfp,REM,rem,MOs,mos,delta,delta,whole_slice_norm
state_nrem_pl_gamma_whole_slice_norm,perf_pct_spearman,perf_pct,Performance %,468,0.0020411843741931068,0.0020411843741931068,0.9648728956551095,0.9729810712488499,positive,direct_lfp_continuous_behavior_association,state_lfp,NREM,nrem,PL,pl,gamma,gamma,whole_slice_norm
state_wake_acad_delta_whole_slice_norm,perf_pct_spearman,perf_pct,Performance %,526,0.000708935602501295,0.000708935602501295,0.9870584498019578,0.9870584498019578,positive,direct_lfp_continuous_behavior_association,state_lfp,Wake,wake,ACAd,acad,delta,delta,whole_slice_norm
