hour_index,lfp_hour_valid,time_s,epoch_ms,iso_time,elapsed_day,day_index,zt_hour,circadian_sin,circadian_cos,is_dark,rule_code,rule_label,perf_pct,perf_state_code,perf_state_label,bias_score,bias_state_code,bias_state_label,trial_count,valid_perf_count,choice_count,behavior_fill_source,rule_frequency,rule_reversal_frequency,perf_intermediate,perf_learned,bias_left,bias_right,occ_wake,occ_miniwake,occ_nrem,occ_rem,occ_working,lfp_mos_delta_norm,lfp_mos_theta_norm,lfp_mos_gamma_norm,lfp_acad_delta_norm,lfp_acad_theta_norm,lfp_acad_gamma_norm,lfp_pl_delta_norm,lfp_pl_theta_norm,lfp_pl_gamma_norm,lfp_ila_delta_norm,lfp_ila_theta_norm,lfp_ila_gamma_norm,state_wake_mos_delta_norm,state_wake_mos_theta_norm,state_wake_mos_gamma_norm,state_wake_acad_delta_norm,state_wake_acad_theta_norm,state_wake_acad_gamma_norm,state_wake_pl_delta_norm,state_wake_pl_theta_norm,state_wake_pl_gamma_norm,state_wake_ila_delta_norm,state_wake_ila_theta_norm,state_wake_ila_gamma_norm,state_miniwake_mos_delta_norm,state_miniwake_mos_theta_norm,state_miniwake_mos_gamma_norm,state_miniwake_acad_delta_norm,state_miniwake_acad_theta_norm,state_miniwake_acad_gamma_norm,state_miniwake_pl_delta_norm,state_miniwake_pl_theta_norm,state_miniwake_pl_gamma_norm,state_miniwake_ila_delta_norm,state_miniwake_ila_theta_norm,state_miniwake_ila_gamma_norm,state_nrem_mos_delta_norm,state_nrem_mos_theta_norm,state_nrem_mos_gamma_norm,state_nrem_acad_delta_norm,state_nrem_acad_theta_norm,state_nrem_acad_gamma_norm,state_nrem_pl_delta_norm,state_nrem_pl_theta_norm,state_nrem_pl_gamma_norm,state_nrem_ila_delta_norm,state_nrem_ila_theta_norm,state_nrem_ila_gamma_norm,state_rem_mos_delta_norm,state_rem_mos_theta_norm,state_rem_mos_gamma_norm,state_rem_acad_delta_norm,state_rem_acad_theta_norm,state_rem_acad_gamma_norm,state_rem_pl_delta_norm,state_rem_pl_theta_norm,state_rem_pl_gamma_norm,state_rem_ila_delta_norm,state_rem_ila_theta_norm,state_rem_ila_gamma_norm
0,1,1800.0,1776789000000.0,2026-04-22T00:30:00+08:00,0.020833333333333332,0,0.5,0.13052619222005157,0.9914448613738104,1,0,location_rule,67.95050048828125,1,intermediate,-0.3713659942150116,0,left_bias,5,5,5,2,0,0,1,0,1,0,0.5444444417953491,0.0027777778450399637,0.44999998807907104,0.0027777778450399637,0.0,1.5272842645645142,1.3713608980178833,0.8921528458595276,0.92487633228302,1.104418655236562,0.7093031505743662,0.53169184923172,0.7770450949668884,0.3566808938980103,0.7937824328740438,1.3183033068974812,0.3757940133412679,1.4748717546463013,1.47285795211792,0.7655183672904968,0.5894217391808828,0.8991675873597463,0.6485822002092997,0.44775201082229615,0.5419538974761963,0.3246872365474701,0.5580924948056539,0.7714527646700541,0.3868011732896169,1.3718265295028687,1.2176182270050049,1.0692267417907715,1.301280438899994,1.198540945847829,0.9013380706310272,1.627855157852173,1.9131444931030273,0.369980251789093,1.3447669744491577,1.9041413068771362,0.33221828440825146,2.4135875701904297,2.023224115371704,1.3478442430496216,2.3009854753812156,1.8549354473749797,1.0221631328264873,1.4686806440353393,1.158519458770752,0.5977378487586975,1.9760168393452961,1.9556406736373901,0.5778378546237946,nan,nan,nan,nan,nan,nan,nan,nan,nan,nan,nan,nan
1,1,5400.0,1776792600000.0,2026-04-22T01:30:00+08:00,0.0625,0,1.5,0.3826834323650898,0.9238795325112867,1,0,location_rule,70.89447784423828,2,learned,-0.5455859303474426,0,left_bias,121,113,113,1,0,0,0,1,1,0,0.5666666626930237,0.0,0.2222222238779068,0.0,0.21111111342906952,0.7329611778259277,0.7186201214790344,0.9171630144119263,1.2405706644058228,0.9173713326454163,0.9835689266522726,1.8527158975601197,1.8094498634338378,0.43528407216072085,1.557002027829488,1.4779215256373088,0.5058114230632782,0.9957746267318726,0.868179202079773,0.8920589089393616,1.4686214129130046,1.0868966778119404,0.9366194407145182,1.7434916257858277,1.6662958860397339,0.4502401530742645,1.6567872762680054,1.4280753135681152,0.5399798254172007,1.1180832386016846,1.1445269584655762,0.9861036539077759,1.1481729745864868,1.2070322434107463,0.8801965216795603,0.8906413197517395,3.0613515853881834,0.3552298843860626,1.158182144165039,2.3627004623413086,0.31750943263371784,nan,nan,nan,nan,nan,nan,nan,nan,nan,nan,nan,nan,1.2171857357025146,1.1692054271697998,0.8441391587257385,0.9558013379573822,0.8828739921251932,0.8162107666333517,1.4394274473190307,1.1208259105682372,0.868418025970459,1.14922030766805,1.127132773399353,0.8482877016067505
2,1,9000.0,1776796200000.0,2026-04-22T02:30:00+08:00,0.10416666666666667,0,2.5,0.6087614290087207,0.7933533402912352,1,0,location_rule,70.89447784423828,2,learned,-0.5455859303474426,0,left_bias,0,0,0,3,0,0,0,1,1,0,0.9888888597488403,0.0,0.011111111380159855,0.0,0.0,0.2301146239042282,0.25019168853759766,1.01019287109375,0.917919913927714,0.5932780603567759,1.1347169975439708,1.6892850160598756,1.6776862621307373,0.43116016387939454,1.2625394662221272,1.214534878730774,0.5236694812774658,0.5659725069999695,0.5808140635490417,0.9122238159179688,0.7942520479361216,0.720746785402298,0.9055577218532562,0.9390959739685059,1.0366415977478027,0.3767463266849518,0.8838240305582682,1.0854839483896892,0.48538491129875183,0.6784947514533997,0.8163148760795593,1.012317419052124,0.7699099878470103,0.8685926000277201,0.8673253953456879,1.5501201152801514,2.1701568365097046,0.3793090879917145,0.809988816579183,0.9931239684422811,0.3781157036622365,nan,nan,nan,nan,nan,nan,nan,nan,nan,nan,nan,nan,nan,nan,nan,nan,nan,nan,nan,nan,nan,nan,nan,nan
3,1,12600.0,1776799800000.0,2026-04-22T03:30:00+08:00,0.14583333333333334,0,3.5,0.7933533402912352,0.6087614290087207,1,0,location_rule,70.89447784423828,2,learned,-0.5455859303474426,0,left_bias,0,0,0,3,0,0,0,1,1,0,0.6027777791023254,0.0,0.39722222089767456,0.0,0.0,1.3523643016815186,1.1866717338562012,1.1711745262145996,1.346882422765096,1.2454397877057393,1.4327889482180278,1.2035501718521118,0.9391781687736511,0.6499235272407532,1.3211825291315715,1.139180342356364,0.6111240784327189,1.2383047342300415,1.1625957489013672,1.1698991060256958,1.1754018664360046,1.1978017787138622,1.439679503440857,1.0468293666839599,0.8374999046325684,0.7107619047164917,1.1470212936401367,1.017876426378886,0.704443077246348,1.3654271364212036,1.1996288299560547,1.1104480028152466,1.358358383178711,1.1876902182896931,1.0332796176274617,1.1900829434394837,0.8424014210700989,0.43655969500541686,1.387480894724528,1.1516175270080566,0.39676714936892193,nan,nan,nan,nan,nan,nan,nan,nan,nan,nan,nan,nan,nan,nan,nan,nan,nan,nan,nan,nan,nan,nan,nan,nan
4,1,16200.0,1776803400000.0,2026-04-22T04:30:00+08:00,0.1875,0,4.5,0.9238795325112867,0.38268343236508984,1,0,location_rule,70.89447784423828,2,learned,-0.5455859303474426,0,left_bias,0,0,0,3,0,0,0,1,1,0,0.5305555462837219,0.008333333767950535,0.4333333373069763,0.02777777798473835,0.0,1.171460747718811,1.1347941160202026,1.0386624336242676,0.8930583596229553,1.3228562076886494,1.2563454707463582,0.6422099828720093,0.7831037878990174,1.281050443649292,0.7565770546595255,0.908728837966919,1.6521247227986653,0.9924224019050598,1.199447512626648,1.039881706237793,0.7125761409600576,1.5138786534468334,1.3110320568084717,0.6207028031349182,0.7798009157180786,1.10794917345047,0.6265150705973307,0.820720374584198,1.1631755431493123,1.1023346185684204,1.017271637916565,1.0291767120361328,1.0408530632654827,1.0131128132343292,1.0568748315175374,0.8035234808921814,0.6816269159317017,1.4437553405761718,1.05224613348643,0.9403830567995707,2.1253512700398765,1.4486850500106812,1.1827160120010376,1.0637962818145752,1.2676994999249775,1.1518069704373677,1.0919572710990906,1.0670058608055115,0.6741125822067261,1.3508161306381226,1.348043958346049,1.0417398810386658,3.4307514826456704,nan,nan,nan,nan,nan,nan,nan,nan,nan,nan,nan,nan
5,1,19800.0,1776807000000.0,2026-04-22T05:30:00+08:00,0.22916666666666666,0,5.5,0.9914448613738104,0.1305261922200517,1,0,location_rule,70.89447784423828,2,learned,-0.5455859303474426,0,left_bias,0,0,0,3,0,0,0,1,1,0,1.0,0.0,0.0,0.0,0.0,0.18922637403011322,0.18733137845993042,0.8906221389770508,0.8259874681631724,0.4361514200766881,0.9209044377009074,1.610869574546814,1.3545557975769043,1.1747618198394776,1.5644441843032837,1.053442935148875,0.9996328353881836,0.49188461899757385,0.46175289154052734,0.8032048940658569,0.7224227090676626,0.5540556112925211,0.769032617410024,0.8865902066230774,0.8315436601638794,1.024035108089447,1.087356408437093,0.93958447376887,0.9291460911432902,nan,nan,nan,nan,nan,nan,nan,nan,nan,nan,nan,nan,nan,nan,nan,nan,nan,nan,nan,nan,nan,nan,nan,nan,nan,nan,nan,nan,nan,nan,nan,nan,nan,nan,nan,nan
6,1,23400.0,1776810600000.0,2026-04-22T06:30:00+08:00,0.2708333333333333,0,6.5,0.9914448613738104,-0.1305261922200516,0,0,location_rule,70.89447784423828,2,learned,-0.5455859303474426,0,left_bias,0,0,0,3,0,0,0,1,1,0,0.574999988079071,0.0,0.42500001192092896,0.0,0.0,1.7908596992492676,1.2209091186523438,1.0392684936523438,1.3524103959401448,1.2624469796816509,1.0473583439985912,0.8196616291999816,0.9648649334907532,0.7834777593612671,1.2595226367314656,1.1796823740005493,0.6027225653330485,1.2982707023620605,1.163243293762207,1.0193963050842285,0.9712701241175333,1.1232040226459503,1.0500653584798176,0.7050987243652344,0.8723039388656616,0.8929500818252564,0.9970362981160482,1.0232174793879192,0.6670721173286438,1.8014843463897705,1.179854393005371,1.0380979776382446,1.728918969631195,1.2653836011886597,0.9440155426661173,1.6278914928436279,0.9980877876281739,0.5020703136920929,1.718815286954244,1.2387525637944539,0.45345502098401386,nan,nan,nan,nan,nan,nan,nan,nan,nan,nan,nan,nan,nan,nan,nan,nan,nan,nan,nan,nan,nan,nan,nan,nan
7,1,27000.0,1776814200000.0,2026-04-22T07:30:00+08:00,0.3125,0,7.5,0.9238795325112868,-0.3826834323650895,0,0,location_rule,70.89447784423828,2,learned,-0.5455859303474426,0,left_bias,0,0,0,3,0,0,0,1,1,0,0.3083333373069763,0.0027777778450399637,0.6611111164093018,0.02777777798473835,0.0,1.7491672039031982,1.5514827966690063,0.9010361433029175,1.4913491209348042,1.3512755433718364,0.9099012613296509,1.4754960060119628,1.0980711221694945,1.42291316986084,1.5707316795984905,1.1366089185078938,1.1204480330149333,1.7823344469070435,1.6493765115737915,0.8872315883636475,2.057700494925181,1.5993729432423909,1.0571032265822093,2.3417305946350098,1.7448594570159912,1.44340181350708,2.3000849882761636,1.3699711958567302,1.2084710995356243,1.1651949882507324,1.0488990545272827,0.9808127284049988,1.2069190939267476,1.053668479124705,1.0299941897392273,2.032978892326355,0.9501959085464478,1.4340019941329956,1.371271292368571,0.9944448272387186,1.0532195170720418,1.6293576955795288,1.1610488891601562,1.0087733268737793,1.5055494507153828,1.0953295230865479,1.1061911582946777,1.7421970129013062,0.7448227643966675,2.2500786781311035,1.7623879114786785,1.0201168060302734,1.6558753649393718,nan,nan,nan,nan,nan,nan,nan,nan,nan,nan,nan,nan
8,1,30600.0,1776817800000.0,2026-04-22T08:30:00+08:00,0.3541666666666667,0,8.5,0.7933533402912352,-0.6087614290087207,0,0,location_rule,70.89447784423828,2,learned,-0.5455859303474426,0,left_bias,0,0,0,3,0,0,0,1,1,0,0.5972222089767456,0.0,0.3638888895511627,0.03888889029622078,0.0,0.9790588021278381,0.9822589159011841,0.9372836947441101,0.9063274761041006,0.9408174753189087,0.7875865598519644,1.0280140042304993,1.133545184135437,1.1237961292266845,1.1044524908065796,1.0880180199940999,0.9711272120475769,0.8519425988197327,0.8714544177055359,0.8480969667434692,0.7678555945555369,0.8596194386482239,0.7016018629074097,0.8904950141906738,1.0413413763046264,1.0328689813613892,1.0013716220855713,1.090050498644511,1.014926811059316,1.081685185432434,1.0787760019302368,1.0620495080947876,1.0994054178396861,1.0633523364861805,1.1708195606867473,1.3842313766479493,0.9261435985565185,1.1583706140518188,1.1087275346120198,0.9665636022885641,0.8261975248654684,0.5179451107978821,0.7847652435302734,1.0698521137237549,0.5666774014631907,0.7713077664375305,1.0821876923243205,0.6148924589157104,0.5205313801765442,1.2787562131881713,0.6195656855901083,0.6366497278213501,0.9894889195760092,nan,nan,nan,nan,nan,nan,nan,nan,nan,nan,nan,nan
9,1,34200.0,1776821400000.0,2026-04-22T09:30:00+08:00,0.3958333333333333,0,9.5,0.6087614290087209,-0.793353340291235,0,0,location_rule,70.89447784423828,2,learned,-0.5455859303474426,0,left_bias,0,0,0,3,0,0,0,1,1,0,0.15555556118488312,0.008333333767950535,0.7444444298744202,0.09166666865348816,0.0,1.565773844718933,1.4041352272033691,0.8293607831001282,0.9491792519887289,1.222628692785899,0.7436760266621908,0.3030958354473114,0.41629805564880373,0.6201168894767761,0.592579593261083,0.7704107761383057,0.4257471263408661,1.793670654296875,1.4730819463729858,0.8629528880119324,1.0111942291259766,1.4893742203712463,1.0007455348968506,0.7550336003303528,0.8580194115638733,0.7904186487197876,0.6190657019615173,0.6885208686192831,0.671913743019104,0.95294189453125,0.8711993098258972,0.906528115272522,1.0133288701375325,0.9441274007161459,0.8882716993490855,0.9528900742530823,0.7186367750167847,0.5820314407348632,0.9778638482093811,0.8340960144996643,0.3466879526774089,1.1177128553390503,0.8736572861671448,1.0341767072677612,1.1207252144813538,0.889888217051824,1.0515515208244324,1.0153942584991456,0.6128559947013855,1.4062159299850463,1.081995685895284,0.8042885462443033,1.1153858105341594,nan,nan,nan,nan,nan,nan,nan,nan,nan,nan,nan,nan
10,1,37800.0,1776825000000.0,2026-04-22T10:30:00+08:00,0.4375,0,10.5,0.3826834323650899,-0.9238795325112867,0,0,location_rule,65.09309387207031,1,intermediate,-0.34700945019721985,0,left_bias,21,18,18,1,0,0,1,0,1,0,0.08356545865535736,0.005571030545979738,0.7103064060211182,0.20055709779262543,0.0,1.3253912925720215,1.3652275800704956,0.7800568342208862,0.7262260913848877,1.1284407873948414,0.6382752358913422,0.058521061390638354,0.3215769171714783,0.32491623759269717,0.4019897480805715,0.706611176331838,0.25607981781164807,2.8947391510009766,2.635152816772461,0.6885992884635925,0.5864083170890808,1.3106344938278198,0.5610349426666895,0.030439532548189163,0.17972707748413086,0.2838683247566223,0.2781367748975754,0.5443149010340372,0.23380091289679208,0.8210081458091736,0.8315668702125549,0.8826981782913208,0.8951082328955332,0.9314939479033152,0.8778863350550333,0.5695015847682953,1.0742056369781494,0.3482343077659607,0.8000585238138834,0.82992951075236,0.26030658682187396,0.8024508953094482,0.802976131439209,0.9478330612182617,0.8642693857351939,0.8792581756909689,1.0029889643192291,0.636983048915863,0.8134413957595825,0.5592699170112609,0.8203114867210388,0.8006206949551901,0.4802943865458171,nan,nan,nan,nan,nan,nan,nan,nan,nan,nan,nan,nan
11,1,41400.0,1776828600000.0,2026-04-22T11:30:00+08:00,0.4791666666666667,0,11.5,0.130526192220052,-0.9914448613738104,0,0,location_rule,70.42010498046875,2,learned,-0.10356531292200089,0,left_bias,80,75,75,1,0,0,0,1,1,0,0.3166666626930237,0.0,0.42222222685813904,0.05833333358168602,0.20277777314186096,0.8190372586250305,0.9080581068992615,0.8679396510124207,0.6457007428010305,0.891431599855423,0.7874833345413208,0.4491439163684845,0.9066028118133544,0.3706337332725525,0.5810818274815878,0.9054356416066488,0.46124932169914246,1.0029925107955933,0.8517260551452637,0.8609784245491028,0.7795513172944387,0.9195867081483206,0.7315227190653483,0.7251531958580018,1.0457095146179198,0.4264450311660767,0.8192656636238098,1.026046872138977,0.6767131586869558,0.782613217830658,0.9065378308296204,0.9385620355606079,0.7612706621487936,0.9656657377878824,1.0253909826278687,0.5009379804134368,2.166680359840393,0.33621190786361693,0.6950780749320984,1.1212530136108398,0.23076077302296957,1.073975920677185,0.9585802555084229,1.0497667789459229,1.025347888469696,1.0634040137132008,0.9326635698477427,0.8450176596641541,3.034842300415039,0.5507883548736572,0.8948703606923422,1.8047026793162029,0.452129731575648,0.7224955558776855,0.7478477358818054,0.8879503607749939,0.5717244694630305,0.7538361648718516,0.9097399115562439,0.19500022232532502,0.4309094548225403,0.8476828932762146,0.5541752775510153,0.6308997869491577,0.9916202823321024
12,1,45000.0,1776832200000.0,2026-04-22T12:30:00+08:00,0.5208333333333334,0,12.5,-0.13052619222005177,-0.9914448613738104,0,0,location_rule,70.42010498046875,2,learned,-0.10356531292200089,0,left_bias,0,0,0,3,0,0,0,1,1,0,0.17499999701976776,0.0055555556900799274,0.7527777552604675,0.06666667014360428,0.0,1.1917861700057983,1.5122863054275513,0.8446633219718933,0.640554279088974,1.1057978868484497,0.648053765296936,0.14681044220924377,0.377486926317215,0.3191725790500641,0.4116256535053253,0.7932238578796387,0.29717279473940533,1.4041682481765747,1.7659050226211548,0.8560958504676819,0.5492185155550638,1.0181548595428467,0.7347180942694346,0.3086357295513153,0.41501837968826294,0.34744553565979003,0.408230592807134,0.6741470098495483,0.5064436495304108,0.7162222862243652,0.919360339641571,0.9307763576507568,0.7125618557135264,0.8881512880325317,0.8252881765365601,0.48997418880462645,0.8995777249336243,0.3282641351222992,0.6637602051099142,0.8325682679812113,0.2478999892870585,1.0530892610549927,1.2014840841293335,1.0039712190628052,1.0556457738081615,1.1384558478991191,0.9105679790178934,1.5758752822875977,1.6626227617263794,0.528610110282898,1.0635181665420532,1.411503752072652,0.46574002504348755,nan,nan,nan,nan,nan,nan,nan,nan,nan,nan,nan,nan
13,1,48600.0,1776835800000.0,2026-04-22T13:30:00+08:00,0.5625,0,13.5,-0.38268343236508967,-0.9238795325112868,0,0,location_rule,70.42010498046875,2,learned,-0.10356531292200089,0,left_bias,0,0,0,3,0,0,0,1,1,0,0.15555556118488312,0.0027777778450399637,0.7194444537162781,0.12222222238779068,0.0,1.0622440576553345,1.3750618696212769,0.7891537547111511,0.5763372580210367,1.034062574307124,0.614362046122551,0.0705641396343708,0.3114154636859894,0.3612250328063965,0.342503954966863,0.7319470246632894,0.28415846327940625,0.9501442313194275,1.3535706996917725,0.717477023601532,0.25408894568681717,0.7364941835403442,0.5745393385489782,0.08216553777456284,0.2065830260515213,0.4439353883266449,0.17128696044286093,0.4113062620162964,0.3846314350763957,0.6762198805809021,0.8780672550201416,0.8885144591331482,0.7246831655502319,0.8869145313898722,0.8392717639605204,0.4945835411548615,0.9478869676589966,0.3653623998165131,0.6678862770398458,0.8595941861470541,0.2648751089970271,0.81376051902771,0.8480717539787292,0.9726765155792236,0.8245674173037211,0.8445916771888733,0.9156184593836466,0.848747444152832,0.9708750724792481,0.5348080515861511,0.8704944650332133,0.941735585530599,0.47479894757270813,nan,nan,nan,nan,nan,nan,nan,nan,nan,nan,nan,nan
14,1,52200.0,1776839400000.0,2026-04-22T14:30:00+08:00,0.6041666666666666,0,14.5,-0.6087614290087207,-0.7933533402912352,0,0,location_rule,60.393409729003906,1,intermediate,0.47909796237945557,2,right_bias,44,40,40,1,0,0,1,0,0,1,0.36944442987442017,0.0,0.550000011920929,0.08055555820465088,0.0,0.6132099032402039,0.9863007664680481,0.8169703483581543,0.4455561737219493,0.7983787258466085,0.6695597668488821,0.25152318477630614,0.3239589035511017,0.7171109080314636,0.3799078166484833,0.5346499085426331,0.5950377186139425,0.4865362346172333,0.5909299254417419,0.8078716993331909,0.3784748862187068,0.5150514245033264,0.6632366081078848,0.3331514120101929,0.3587889790534973,0.860959267616272,0.4042871991793315,0.42569561799367267,0.9453222950299581,0.4704630374908447,0.7903447151184082,0.8695302605628967,0.5024586419264475,0.7905219793319702,0.8653365870316824,0.36455342173576355,0.49886112809181216,0.6099803209304809,0.46686533093452454,0.6048903862635294,0.34487563371658325,0.8727113604545593,1.0181941986083984,0.9547806978225708,0.9018514355023702,1.0193146566549938,0.935710738102595,1.222753381729126,0.7845969438552857,0.9177746415138245,0.9205014308293661,0.870107372601827,0.7148120403289795,nan,nan,nan,nan,nan,nan,nan,nan,nan,nan,nan,nan
15,1,55800.0,1776843000000.0,2026-04-22T15:30:00+08:00,0.6458333333333334,0,15.5,-0.7933533402912349,-0.6087614290087209,0,0,location_rule,60.393409729003906,1,intermediate,0.47909796237945557,2,right_bias,0,0,0,3,0,0,1,0,0,1,0.4833333194255829,0.0027777778450399637,0.38333332538604736,0.03888889029622078,0.09166666865348816,0.7139735817909241,0.7978914380073547,0.9544389843940735,0.7919544080893198,0.866497794787089,0.9101982514063517,0.8486176133155823,0.9684305310249328,1.6692872762680053,0.9084903995196024,0.8709521492322286,1.6092522541681926,0.9318718910217285,0.8754037618637085,0.9575671553611755,0.8944989542166392,0.9904411435127258,0.8433791796366373,0.9120428204536438,1.0786511659622193,1.1154966831207276,1.0276120106379192,1.019830624262492,1.288302739461263,0.6908866167068481,0.8190162777900696,0.9602906703948975,0.755728542804718,0.8579530020554861,1.320749580860138,0.8705980658531189,0.6731358647346497,2.8106215476989744,0.7731093565622965,0.7518279155095419,2.234592835108439,0.6128976345062256,0.5159396529197693,1.0012398958206177,0.6993666191895803,0.6107533772786459,1.0184461673100789,0.5523249387741089,0.47431749701499937,0.6448360443115234,0.6825720071792603,0.5501209795475006,0.48588621616363525,0.6371231079101562,0.7647084593772888,0.9762737154960632,0.5304026901721954,0.828756163517634,0.7712917029857635,0.6234871506690979,1.5563933372497558,1.2128900051116944,0.60329270362854,1.1130746603012085,1.3103060722351074
16,1,59400.0,1776846600000.0,2026-04-22T16:30:00+08:00,0.6875,0,16.5,-0.9238795325112868,-0.3826834323650895,0,0,location_rule,60.393409729003906,1,intermediate,0.47909796237945557,2,right_bias,0,0,0,3,0,0,1,0,0,1,0.4444444477558136,0.0,0.5472221970558167,0.008333333767950535,0.0,0.9805165529251099,1.0772709846496582,0.871277391910553,0.7722786466280619,0.9767097135384878,0.7327077885468801,0.49920621514320374,0.643633496761322,0.9343914151191711,0.605402946472168,0.7269449234008789,0.7977322737375895,0.9061281085014343,1.0447664260864258,0.8468502759933472,0.6734781662623087,0.8649777869383494,0.6931862533092499,0.5738962054252624,0.7364596962928772,0.811112904548645,0.5525591770807902,0.630088210105896,0.806382934252421,0.7648227214813232,0.8518421053886414,0.925701379776001,0.8211949666341146,0.9069066445032755,0.9597152769565582,0.518248975276947,0.5667605638504029,1.029506754875183,0.7663920323053995,0.7574933568636576,0.7468683322270712,0.8491261005401611,0.8138006925582886,0.9989703893661499,1.1667574445406597,0.8598427474498749,1.0528236627578735,5.04614953994751,1.262677216529846,1.1506171226501465,1.5007938941319783,0.983872652053833,1.52750297387441,nan,nan,nan,nan,nan,nan,nan,nan,nan,nan,nan,nan
17,1,63000.0,1776850200000.0,2026-04-22T17:30:00+08:00,0.7291666666666666,0,17.5,-0.9914448613738104,-0.13052619222005163,0,0,location_rule,49.05390930175781,0,unlearned,0.7315917611122131,2,right_bias,12,11,11,1,0,0,0,0,0,1,0.4166666567325592,0.0055555556900799274,0.5055555701255798,0.07222222536802292,0.0,0.8981431126594543,1.1876840591430664,0.937073290348053,0.5653056253989538,0.9504426221052805,0.80715944369634,0.22193447649478912,0.3489537060260773,1.1639040470123292,0.41710135340690613,0.589296817779541,0.7818605701128641,0.6562809944152832,0.892009973526001,0.9606418013572693,0.3432148148616155,0.6661468148231506,0.787447581688563,0.23830361664295197,0.34651742577552797,0.9154279470443726,0.295510212580363,0.37095128496487934,0.6906988819440206,0.7288283705711365,0.9408297538757324,0.9559133052825928,0.7496978441874186,0.91678386926651,1.0133210221926372,0.6339000344276429,0.58048015832901,1.3108744382858277,0.7342540621757507,0.7388021548589071,0.7932784159978231,1.6997909545898438,1.9322009086608887,1.028336524963379,1.5092556873957317,1.7336912353833516,1.1078614592552185,0.9574521899223327,0.8198575735092163,2.518933963775635,1.4858944416046143,1.3823018471399944,1.7395350138346355,nan,nan,nan,nan,nan,nan,nan,nan,nan,nan,nan,nan
18,1,66600.0,1776853800000.0,2026-04-22T18:30:00+08:00,0.7708333333333334,0,18.5,-0.9914448613738105,0.13052619222005127,1,0,location_rule,55.565128326416016,0,unlearned,0.026249313727021217,1,neutral,75,72,72,1,0,0,0,0,0,0,0.6434540152549744,0.002785515272989869,0.20612813532352448,0.019498607143759727,0.12813369929790497,0.5602017641067505,0.8008317351341248,1.1307668685913086,0.8052614827950796,0.9160783588886261,1.2165260314941406,0.6899913072586059,0.6741865038871765,0.9518179655075073,0.8360408147176107,0.7764023343722025,1.5173300902048747,1.1000372171401978,1.4220534563064575,1.0564926862716675,0.7932880719502767,1.0038211941719055,0.9808473388353983,0.5604611992835998,0.5722403407096863,0.8914307236671448,0.7845765749613444,0.8128768603006998,1.4206278324127197,0.6434627771377563,0.9759230017662048,1.1241800785064697,0.6239887773990631,0.9030952751636505,1.0739703178405762,0.5790397882461548,0.5789690494537354,1.1078455328941346,0.614496906598409,0.7321262359619141,1.7689189513524373,1.232790231704712,1.3138667345046997,1.171269416809082,1.2838853597640991,1.088550865650177,1.1208302974700928,2.0463053703308107,0.8173476338386536,2.0637311697006226,1.3532579342524211,1.041285773118337,7.486872673034668,1.2027790546417236,1.4285309314727783,1.2759336233139038,2.0099981228510537,2.253650486469269,1.8111478288968403,1.0703573942184448,1.195087742805481,1.1979820489883424,1.02241849899292,1.1010669469833374,1.2617777983347576
19,1,70200.0,1776857400000.0,2026-04-22T19:30:00+08:00,0.8125,0,19.5,-0.923879532511287,0.38268343236508917,1,0,location_rule,61.93413543701172,1,intermediate,0.3624391257762909,2,right_bias,188,176,176,1,0,0,1,0,0,1,0.75,0.0,0.0,0.0,0.25,0.19627198576927185,0.23285038769245148,1.108413577079773,0.7590289215246836,0.5542426904042562,1.321653038263321,0.9800539016723633,0.9691107988357544,1.1080246925354005,0.7838753859202067,0.6561408042907715,0.9401081204414368,0.5822132229804993,0.6434906721115112,1.052600622177124,0.7939190367857615,0.7940020461877187,1.1439568996429443,0.6841261863708497,0.7498353838920593,1.162470006942749,0.6653194824854533,0.7065958976745605,0.981899082660675,nan,nan,nan,nan,nan,nan,nan,nan,nan,nan,nan,nan,nan,nan,nan,nan,nan,nan,nan,nan,nan,nan,nan,nan,0.987126886844635,0.9383412003517151,1.003677487373352,0.9940583308537801,0.8082392911116282,0.8764423926671346,1.2103728532791138,0.9670472264289856,0.9933061003684998,1.071519374847412,0.9740664760271708,0.95582515001297
20,1,73800.0,1776861000000.0,2026-04-22T20:30:00+08:00,0.8541666666666666,0,20.5,-0.7933533402912357,0.6087614290087199,1,0,location_rule,62.00379180908203,1,intermediate,0.5908332467079163,2,right_bias,54,53,53,1,0,0,1,0,0,1,0.8543417453765869,0.0,0.03641456738114357,0.0,0.10924369841814041,0.37327373027801514,0.39090678095817566,1.3206226825714111,1.3058690130710602,0.7913523515065511,1.7511943380037944,1.9669758081436157,1.4304328203201293,1.5409764766693115,1.4299627145131428,1.1303538878758748,1.4347453117370605,0.7912883162498474,0.777274489402771,1.2342227697372437,1.2179127931594849,0.9707202812035879,1.431890348593394,1.2407629489898682,0.9939917325973511,1.4544769287109376,1.1067907810211182,1.0941327214241028,1.3666833639144897,1.4011430740356445,1.5153266191482544,1.5275882482528687,1.2842428882916768,1.2080756028493245,1.2187423308690388,2.1304301738739015,1.2771922826766968,1.851674246788025,1.619382659594218,1.3756059408187866,3.1061962445576987,nan,nan,nan,nan,nan,nan,nan,nan,nan,nan,nan,nan,0.9005386829376221,0.8982470631599426,0.9874202013015747,0.9215820630391439,0.7612826923529307,0.9173364043235779,1.365639090538025,1.0271490812301636,1.029330587387085,1.0966488122940063,1.0513036648432414,0.9659284949302673
21,1,77400.0,1776864600000.0,2026-04-22T21:30:00+08:00,0.8958333333333334,0,21.5,-0.608761429008721,0.7933533402912349,1,0,location_rule,61.18870162963867,1,intermediate,0.056042566895484924,1,neutral,41,40,40,1,0,0,1,0,0,0,0.8022283911705017,0.0,0.13927575945854187,0.0,0.05849582329392433,1.0263793468475342,0.7166544795036316,1.2339937686920166,2.2285943031311035,1.2181493838628132,1.4276614387830098,3.2589457035064697,2.7265954494476317,1.734971570968628,2.4998342196146646,1.7978154420852661,1.1996442476908367,1.2635849714279175,1.0097987651824951,1.1323624849319458,2.0813666184743247,1.3946391344070435,1.200322945912679,2.2153525352478027,2.0357539653778076,1.7773820400238036,1.9913443724314372,1.7470410664876301,1.2839696009953816,2.1904706954956055,1.3708816766738892,1.3176552057266235,2.1413074731826782,1.45377113421758,1.0840696891148884,1.7266328811645508,1.1998894453048705,0.5413965344429016,2.111863136291504,1.4755732615788777,0.4784921109676361,nan,nan,nan,nan,nan,nan,nan,nan,nan,nan,nan,nan,1.4029210805892944,1.1158673763275146,1.2254306077957153,1.8361150622367859,1.5498828887939453,1.782551904519399,0.5363385379314423,0.780821704864502,1.145856261253357,1.3025387128194172,1.1398966312408447,0.9394230842590332
22,1,81000.0,1776868200000.0,2026-04-22T22:30:00+08:00,0.9375,0,22.5,-0.38268343236508956,0.9238795325112868,1,0,location_rule,63.601043701171875,1,intermediate,-0.2324609011411667,0,left_bias,66,63,63,1,0,0,1,0,1,0,0.6333333253860474,0.0,0.2527777850627899,0.0,0.11388888955116272,1.1434918642044067,1.0552978515625,1.4196237325668335,1.3842417399088542,1.0753729542096455,1.4886334737141926,1.916307759284973,1.5650109767913818,2.2144118309020997,1.3924631675084431,1.1667263110478718,2.4022971789042153,1.2283375263214111,1.2688677310943604,1.399235486984253,1.4004764556884766,1.239556650320689,1.3890479405721028,1.5760194540023804,1.380780529975891,1.6010365724563598,1.2116270860036213,1.1409464279810588,1.6076910495758057,1.6730324029922485,1.4870613813400269,1.4407867193222046,1.4300609230995178,1.2100285092989604,1.6789493163426716,2.8502935409545898,1.3272520780563355,4.3528107643127445,1.6959255139033,1.3101303974787395,4.9687801996866865,nan,nan,nan,nan,nan,nan,nan,nan,nan,nan,nan,nan,1.102710247039795,1.0115221738815308,1.1079686880111694,0.8236146668593088,0.761179506778717,0.776655524969101,1.2830461502075194,1.2571345567703247,1.0491137862205506,1.4544979731241863,1.1671933730443318,0.8982204000155131
23,1,84600.0,1776871800000.0,2026-04-22T23:30:00+08:00,0.9791666666666666,0,23.5,-0.13052619222005168,0.9914448613738104,1,0,location_rule,75.817626953125,2,learned,-0.5327029824256897,0,left_bias,56,51,51,1,0,0,0,1,1,0,0.5083333253860474,0.0,0.49166667461395264,0.0,0.0,1.7573912143707275,1.530747652053833,1.3082923889160156,1.5463710029919941,1.2788739204406738,1.0881617665290833,1.5975594758987426,1.5554002285003663,2.3406810760498047,1.300619125366211,1.3516974449157715,3.6356404622395835,1.7179278135299683,1.479001760482788,1.3189525604248047,1.6345818241437275,1.435952623685201,1.0774434804916382,1.6309596300125122,1.6856459379196167,1.9163071870803834,1.2314619620641072,1.4153906901677449,2.38237992922465,1.4720494747161865,1.3165088891983032,1.3019206523895264,1.316013514995575,1.083546777566274,1.2846466302871704,1.5428618669509888,0.938397204875946,2.7211040019989015,1.3749152024586995,1.122338096300761,4.776286602020264,nan,nan,nan,nan,nan,nan,nan,nan,nan,nan,nan,nan,nan,nan,nan,nan,nan,nan,nan,nan,nan,nan,nan,nan
